slice,40_SD,63_SS,48_SD,30_DD,27_DD,271_DD,61_SS,50_DS,29_DD,52_DS,521_DS,46_SD,461_SD,651_SS,65_SS,541_DS,54_DS
1,131.647,97.603,65.889,55.999,80.578,125.38,73.549,74.915,66.304,89.123,86.19,60.021,88.1,42.363,62.943,48.965,59.656
2,136.929,99.619,87.342,73.625,86.014,127.129,77.884,80.733,74.887,94.743,93.816,85.601,87.88,90.224,97.269,73.587,70.753
3,139.452,102.921,98.547,78.946,87.049,127.731,80.951,83.206,92.192,98.908,100.255,104.197,88.656,100.786,105.018,80.284,83.094
4,142.141,103.012,106.052,80.643,88.443,130.159,83.441,85.337,101.716,103.692,104.387,115.944,87.437,109.724,111.144,87.954,85.952
5,143.172,105.445,107.047,86.829,90.65,134.321,86.707,89.473,110.542,100.247,105.367,116.672,90.061,112.412,116.399,94.355,89.166
6,143.414,109.686,106.99,91.95,95.244,137.637,93.691,94.277,119.736,101.496,108.495,111.285,91.021,113.021,117.438,102.645,96.975
7,142.26,115.231,106.486,98.004,100.538,138.898,101.206,98.631,127.097,102.356,109.884,103.025,93.344,114.755,116.397,106.948,106.348
8,140.828,118.553,107.871,103.132,108.515,139.56,109.855,102.746,132.599,100.862,112.75,92.051,94.623,114.274,117.379,117.386,115.973
9,139.515,122.546,107.876,109.558,112.675,140.553,116.275,106.82,135.904,100.978,116.438,83.427,97.596,114.672,117.211,123.538,122.738
10,137.774,127.622,108.133,116.909,118.259,141.197,121.6,110.833,135.096,100.222,120.567,78.934,98.902,114.823,117.943,130.974,125.63
11,136.361,129.816,107.998,122.31,122.484,141.823,125.445,113.889,133.896,98.436,122.603,75.956,100.17,117.707,119.933,138.603,130.23
12,135.716,129.076,108.815,126.062,128.328,141.86,128.097,116.855,132.905,98.901,124.989,80.976,100.566,119.366,122.403,141.389,131.184
13,135.371,125.678,111.609,126.278,131.431,142.269,130.106,120.217,130.532,101.36,127.122,85.483,101.893,121.173,124.008,142.848,130.972
14,134.25,124.209,114.906,126.513,134.229,143.291,131.712,121.977,130.002,101.658,128.88,87.289,102.927,123.169,125.191,145.263,131.068
15,133.132,121.937,116.914,125.679,135.802,144.177,132.925,123.941,129.756,102.411,130.162,90.819,102.727,123.211,126.088,145.871,131.726
16,132.947,119.951,118.137,124.205,138.527,143.974,134.141,125.191,129.921,106.346,130.197,90.471,103.247,123.975,125.692,146.83,132.428
17,133.404,120.085,118.726,124.701,139.901,142.433,133.931,125.47,131.599,109.147,130.581,90.084,104.431,123.319,126.299,146.988,134.07
18,133.188,122.341,120.12,125.248,140.604,140.956,133.469,126.383,132.84,113.093,130.975,89.349,105.173,124.393,127.782,147.448,135.231
19,133.936,122.386,121.615,127.441,141.772,139.331,134.283,128.15,135.204,117.2,130.922,92.061,105.797,125.229,129.152,147.509,136.443
20,134.473,121.076,123.568,129.881,143.327,138.285,135.99,130.791,137.311,119.045,131.901,94.344,106.547,128.104,131.094,148.623,137.307
21,135.168,116.131,125.451,131.025,144.964,138.726,137.677,132.881,139.773,120.584,133.522,96.8,106.791,130.992,133.237,149.922,137.881
22,135.675,111.91,127.284,132.661,147.874,140.263,139.323,133.872,141.653,123.043,134.979,95.99,107.53,135.005,136.365,150.656,138.293
23,136.379,110.36,128.199,134.157,150.02,142.575,140.048,134.712,142.615,124.649,136.078,95.14,108.544,136.03,138.7,150.983,139.516
24,137.004,112.054,129.349,135.065,151.851,145.155,140.316,135.962,143.694,126.015,137.416,95.076,109.467,137.161,139.38,150.951,140.517
25,138.105,114.01,130.061,135.55,154.093,146.938,140.179,136.564,144.382,125.765,138.782,95.284,110.675,138.312,140.055,150.692,141.387
26,139.659,117.26,130.59,135.868,155.594,148.012,140.127,137.557,145.356,124.574,139.996,96.257,111.341,138.836,140.325,149.081,142.408
27,141.238,121.47,130.701,136.044,157.06,148.592,140.231,138.096,147.409,124.255,141.432,98.024,111.716,140.377,140.95,147.421,142.547
28,142.669,125.414,131.689,135.767,159.627,149.388,140.435,138.356,148.976,126.268,142.616,99.301,112.507,142.444,141.577,147.234,142.213
29,144.036,128.933,132.883,134.971,161.77,150.295,140.38,138.614,149.449,130.727,144.22,100.217,113.697,144.268,142.238,148.049,142.302
30,145.273,130.029,134.078,134.427,162.5,151.272,140.607,138.145,150.175,131.488,145.884,101.617,114.439,144.369,142.832,148.997,142.607
31,146.313,128.203,134.949,133.72,163.243,152.002,140.795,137.212,149.985,131.767,146.817,103.252,114.3,143.435,143.001,148.979,143.959
32,147.172,127.508,135.557,133.128,164.712,152.279,140.755,136.829,149.92,133.272,147.851,104.561,113.899,142.705,142.562,150.884,145.128
33,147.746,127.001,135.428,133.01,166.042,151.881,140.315,136.372,150.558,134.217,148.882,106.055,113.795,142.569,141.846,152.941,145.739
34,148.205,125.896,135.509,133.203,166.684,151.401,140.093,135.995,151.227,135.788,150.008,107.491,113.705,141.625,140.489,154.322,146.177
35,148.243,124.911,135.5,133.217,167.728,150.824,140.329,135.979,152.473,137.398,151.202,108.23,113.764,140.032,139.146,155.096,146.925
36,147.955,124.609,135.589,133.03,168.98,150,140.918,136.411,153.957,138.904,151.992,109.374,113.681,138.795,138.011,154.859,147.643
37,147.621,124.353,135.359,133.828,169.733,149.419,142.022,137.011,154.473,139.546,152.868,109.025,113.977,139.642,137.621,155.754,148.554
38,147.763,124.422,135.535,134.307,169.273,148.773,142.621,138.031,154.807,139.839,153.656,108.082,114.149,140.177,138.732,156.413,149.982
39,148.003,124.921,135.737,134.807,168.869,147.846,142.993,139.001,155.637,140.507,154.851,108.493,114.41,140.956,139.742,155.895,150.748
40,148.157,125.726,136.254,135.011,169.218,147.109,143.39,139.413,156.271,142.016,155.778,108.891,114.296,141.676,140.755,155.576,151.636
41,148.047,126.573,136.359,135.401,169.887,146.725,143.817,139.631,157.106,142.479,156.369,110.276,114.354,142.613,141.093,155.109,152.435
42,148.18,127.526,136.274,135.043,169.804,146.907,144.344,139.763,157.195,142.87,157.072,111.119,114.707,143.533,143.027,154.725,152.17
43,148.16,128.625,136.525,134.798,169.722,147.272,144.864,140.118,157.643,143.255,157.969,111.592,115.585,144.867,144.592,155.063,151.403
44,148.256,128.758,137.252,134.943,169.897,148.52,145.214,139.653,157.779,144.803,158.331,111.87,116.209,146.036,146.101,155.903,150.86
45,148.558,128.178,137.71,135.066,170.139,149.84,145.654,139.58,157.6,147.175,158.829,111.667,116.793,145.932,146.782,156.861,150.561
46,149.08,129.204,137.869,135.322,169.169,149.928,145.909,139.146,157.778,148.63,159.701,111.342,117.159,146.45,147.129,157.819,150.727
47,149.071,129.609,138.038,135.93,169.254,149.805,145.863,138.797,157.877,149.972,160.69,110.613,117.318,147.611,147.484,158.635,150.652
48,149.301,129.62,138.413,136.867,169.138,149.802,145.279,138.5,157.315,151.634,161.703,109.807,117.788,147.301,148.13,159.065,150.801
49,149.281,130.799,138.39,138.029,168.803,149.782,144.866,138.26,156.951,152.425,162.689,109.894,117.766,147.574,148.783,159.539,150.944
50,149.665,131.368,138.54,139.139,168.798,150.032,144.734,138.234,156.466,153.605,163.822,110.078,117.961,146.439,149.234,160.35,151.294
51,150.226,131.407,138.11,140.02,169.079,150.135,144.589,138.225,156.007,155.505,164.754,110.594,118.169,146.135,149.081,161.167,151.789
52,150.612,131.035,137.579,140.707,170.111,150.295,144.872,138.678,155.829,157.857,165.62,111.686,118.03,146.298,149.596,161.471,152.107
53,150.891,129.892,137.135,141.894,171.529,150.419,145.374,139.194,155.356,159.015,166.906,112.649,117.903,147.368,149.177,161.502,152.468
54,150.918,128.827,136.946,142.66,172.7,150.567,145.818,139.713,154.432,158.289,168.321,114.078,118.166,148.64,149.204,161.939,153.021
55,151.269,128.068,137.074,143.434,173.261,150.622,146.848,140.341,153.92,159.19,169.463,114.925,118.304,150.392,149.252,162.26,153.332
56,151.617,129.612,137.498,143.904,173.892,150.841,148.313,141.019,153.477,159.709,170.027,115.581,118.481,151.372,149.407,162.808,153.51
57,152.106,132.013,137.973,144.223,174.17,151.049,149.708,141.424,153.035,160.079,170.393,116.243,119.013,152.474,149.474,163.751,153.908
58,152.504,133.3,138.408,144.285,175.473,151.447,150.955,141.988,152.788,160.269,170.653,116.406,119.516,153.234,149.435,164.304,154.55
59,152.738,133.18,138.704,144.279,176.915,152.259,152.029,142.233,153.079,160.101,170.622,115.595,120.126,153.212,149.447,164.679,155.201
60,153.209,134.831,138.765,144.421,177.951,152.754,152.862,142.401,153.545,160.104,171.066,115.419,120.601,153.862,149.581,164.317,155.649
61,153.848,136.518,139.153,144.495,179.293,153.202,153.656,142.56,154.285,160.272,171.436,115.888,120.965,154.981,149.88,164.066,156.137
62,154.428,137.439,139.468,144.556,180.75,153.16,154.185,142.729,154.46,160.862,171.937,116.109,121.533,155.773,150.65,163.974,156.384
63,154.386,138.535,139.837,144.544,181.907,152.894,154.654,142.617,154.562,161.007,172.574,116.232,122.535,156.299,150.988,163.853,156.707
64,154.178,139.138,139.962,144.519,182.993,152.821,155.379,142.523,154.485,160.924,173.07,116.301,123.343,156.858,150.575,164.366,157.003
65,154.216,138.617,140.106,144.758,183.159,153.066,155.51,142.591,154.359,161.159,173.062,116.1,123.888,157.492,149.592,164.572,157.182
66,153.861,137.381,140.122,145.191,183.643,153.438,155.633,142.869,154.207,161.412,172.995,116.574,124.396,157.369,148.959,164.39,157.369
67,153.776,136.831,140.355,145.464,183.602,153.358,155.924,143.124,153.74,161.624,172.475,116.455,124.72,157.303,148.266,164.229,157.63
68,153.251,136.556,140.34,145.836,184.004,153.131,156.252,143.126,152.952,162.562,172,116.13,125.133,157.319,148.241,164.24,157.979
69,152.763,135.673,140.249,146.263,184.058,153.16,156.507,143.367,152.428,163.105,171.786,115.956,125.528,157.485,148.214,164.626,157.918
70,152.018,135.221,140.02,146.909,184.001,152.789,156.39,143.396,152.256,164.049,171.916,115.696,125.545,157.503,148.634,164.616,157.689
71,151.017,135.117,139.686,148.271,183.92,152.375,156.357,143.445,152.286,165.323,172.071,115.282,125.559,157.45,149.412,164.668,157.463
72,150.222,135.484,139.637,149.246,184.089,152.004,156.116,143.462,152.244,166.453,172.602,115.154,125.573,157.708,150.326,164.657,157.132
73,149.51,136.638,139.723,150.042,183.864,151.631,156.247,143.281,152.232,167.243,173.215,115.625,125.405,158.489,151.032,164.933,157.139
74,148.92,138.336,140.026,151.06,183.43,151.005,156.495,142.944,152.276,168.273,173.964,116.496,124.931,158.813,152.004,164.753,157.524
75,149.056,140.159,140.235,151.453,181.921,150.786,156.921,142.637,152.05,169.208,174.723,117.331,124.655,159.517,152.924,164.782,157.992
76,149.484,141.751,140.664,151.75,180.722,150.444,157.3,142.449,152.261,169.913,175.476,117.855,124.734,159.743,153.938,164.819,158.022
77,149.847,142.529,141.204,152.265,179.555,150.12,157.528,142.332,152.469,170.708,176.106,118.331,124.725,159.635,155.239,164.694,158.416
78,150.226,142.905,141.505,152.997,177.986,149.812,157.929,142.465,152.606,171.586,176.42,118.726,124.774,159.943,156.539,164.846,158.654
79,150.744,143.771,141.601,153.547,176.982,150.043,158.151,142.69,152.918,172.426,176.518,119.125,124.986,160.395,157.344,164.561,159.216
80,151.486,145.004,141.701,154.115,176.07,150.403,158.107,142.926,153.192,172.928,176.293,119.674,125.441,160.868,158.407,164.615,159.567
81,152.275,145.914,141.727,154.813,175.71,150.446,158.256,143.061,153.18,173.467,176.011,120.08,125.774,161.303,158.755,164.401,159.897
82,153.518,146.83,141.616,155.041,174.805,151.176,158.309,143.144,153.573,173.522,176.143,120.269,126.668,161.835,158.773,164.674,160.395
83,154.818,146.739,141.473,154.984,173.829,152.102,158.5,142.955,154.168,173.401,176.201,120.586,127.583,162.314,158.787,165.276,160.496
84,156.102,146.272,141.283,154.746,173.311,152.605,159.029,142.83,154.539,173.731,176.411,120.982,128.395,162.359,158.942,165.823,160.248
85,157.488,145.386,141.566,154.275,173.204,152.615,159.402,142.776,154.828,173.847,176.276,121.654,128.877,162.54,158.807,165.901,159.751
86,158.191,143.857,141.737,153.903,172.882,152.498,159.703,142.988,154.699,174.131,176.459,122.44,129.221,162.854,159.183,165.854,159.676
87,158.46,142.599,141.584,153.912,172.466,152.303,159.722,143.126,154.584,174.549,176.812,122.829,129.297,163.148,159.595,165.874,159.779
88,158.341,140.417,141.304,154.199,172.164,152.194,159.564,143.063,154.55,174.481,177.077,123.286,129.506,163.443,160.31,166.451,159.915
89,158.671,139.377,141.222,154.225,172.135,151.968,159.306,143.113,154.822,175.065,177.703,123.434,129.711,163.89,160.761,166.969,160.162
90,158.683,138.765,141.08,154.526,172.075,151.826,159.334,143.052,155.651,175.239,178.419,123.811,130.082,164.18,161.085,167.453,160.735
91,158.302,137.613,141.349,154.57,171.854,151.516,159.488,142.917,156.227,175.425,179.088,124.004,130.416,164.42,160.954,168.068,160.961
92,157.862,137.805,141.274,154.899,171.631,151.493,159.555,142.878,156.953,175.766,180.02,124.495,131.256,163.975,160.954,168.909,160.926
93,157.191,138.377,141.416,155.633,170.989,151.179,159.683,142.838,157.733,175.867,180.668,124.972,132.099,163.762,161.181,169.28,161.008
94,156.439,139.234,141.552,156.093,170.861,150.762,159.627,142.712,158.082,176.238,181.484,125.212,132.914,163.57,161.477,170.063,160.934
95,155.541,140.383,141.64,156.71,170.672,150.517,159.595,142.596,158.464,176.998,182.379,125.217,133.481,163.28,161.955,170.08,161.07
96,155.011,141.099,141.849,157.283,170.575,150.464,159.653,142.322,158.67,177.234,183.2,124.877,134.094,163.709,162.728,169.89,160.933
97,154.691,141.627,141.931,157.829,169.857,150.311,159.685,142.493,158.745,177.692,183.812,125.03,134.3,164.192,163.708,169.511,161.03
98,154.441,141.624,142.323,158.45,169.557,150.266,159.609,142.548,158.884,177.858,183.736,125.24,134.791,164.56,164.379,169.632,161.18
99,154.696,141.587,142.908,158.76,169.418,150.362,159.897,142.458,158.949,177.856,183.637,125.568,135.544,165.001,164.719,169.738,161.05
100,155.189,142.337,143.249,158.79,169.403,150.722,160.183,142.36,159.09,177.674,183.516,126.03,136.234,165.396,165.708,170.27,160.912
101,155.569,142.568,143.758,158.412,169.098,151.071,160.46,142.523,159.269,177.888,183.348,126.684,136.94,165.768,166.814,171.187,160.706
102,156.249,143.295,144.219,157.861,168.873,151.307,160.797,142.715,159.66,177.891,183.225,127.622,137.62,165.84,167.54,171.875,160.444
103,156.845,143.538,144.707,157.167,168.725,151.174,161.04,142.632,159.865,177.829,183.193,128.443,138.713,166.514,167.942,172.421,159.872
104,157.912,143.408,145.103,156.409,168.913,151.281,161.082,142.666,159.828,177.856,183.083,129.399,139.276,167.151,168.315,172.192,159.826
105,158.81,142.864,145.469,155.671,168.577,151.593,161.164,142.751,160.099,177.559,183.036,130.288,139.837,167.518,168.701,171.721,159.671
106,159.328,142.149,145.809,154.733,167.972,151.74,161.317,142.732,160.395,177.327,183.231,131.061,140.189,168.049,169.206,171.504,159.805
107,159.5,141.512,146.148,153.688,167.837,151.912,161.566,142.547,160.565,177.061,183.705,132.168,140.342,168.7,169.894,171.224,159.823
108,160.081,141.124,146.467,152.881,167.667,151.594,161.458,142.357,160.376,176.618,184.322,132.839,140.255,169.787,170.581,171.66,159.66
109,160.677,140.839,147.034,152.502,167.679,150.853,161.458,142.062,160.219,176.162,185.224,133.324,140.235,171.045,171.243,172.081,159.704
110,160.92,140.736,147.514,151.817,167.93,150.289,161.621,141.745,160.064,175.985,186.227,134.022,140.374,172.074,171.791,172.144,159.984
111,160.808,140.636,148.098,151.565,168.277,149.932,161.327,141.478,160.059,176.615,187.192,134.244,140.402,172.892,172.33,172.51,160.824
112,160.768,140.355,148.455,151.516,168.658,150.002,161.011,141.07,159.844,177.348,187.894,134.456,140.352,173.441,172.549,173.02,162.001
113,160.753,140.619,148.696,151.865,168.774,150.34,160.494,140.494,159.805,178.144,188.113,134.45,140.586,173.689,173.01,173.26,162.705
114,160.96,140.992,148.887,152.02,169.051,150.4,160.271,140.077,159.865,178.722,188.212,134.291,140.995,173.749,173.343,173.59,163.152
115,160.922,140.906,148.91,151.815,169.365,150.564,160.338,139.673,160.104,179.297,188.289,134.518,141.543,173.899,173.127,174.245,163.312
116,161.143,140.582,149.26,151.971,169.476,150.774,160.497,139.375,160.073,179.314,188.628,134.768,142.082,174.085,173.002,174.958,163.392
117,161.491,141.464,149.585,152.159,170.118,150.981,160.523,138.806,160.121,178.689,188.428,134.914,142.49,174.344,173.03,175.082,163.564
118,161.805,142.891,150.126,152.305,170.217,151.112,160.608,138.169,159.85,178.221,187.94,135.393,142.684,173.916,173.616,175.176,163.702
119,162.036,143.915,150.765,152.617,170.244,151.39,160.897,137.568,159.565,177.593,187.556,135.962,142.711,173.658,173.489,175.441,163.381
120,162.416,145.543,151.378,152.76,170.079,151.876,161.179,137.106,159.483,176.638,186.827,136.66,142.352,173.495,173.412,175.588,162.906
121,162.893,147.152,151.717,152.878,169.964,152.554,161.647,136.797,159.749,175.985,186.166,137.78,142.292,173.239,173.431,175.688,162.604
122,163.564,148.488,151.877,152.697,169.703,152.983,162.188,136.487,159.992,175.644,185.503,139.059,142.508,173.285,173.623,175.434,162.254
123,163.931,149.127,152.151,152.348,169.93,153.496,162.663,136.329,160.326,175.146,185.098,140.088,142.756,173.313,173.76,175.174,161.978
124,164.297,149.571,152.341,152.019,169.771,153.956,163.108,136.096,161.17,174.649,184.864,140.725,143.119,173.364,173.679,175.148,161.556
125,165.001,149.764,152.742,151.483,169.215,153.917,163.366,135.641,162.158,173.69,184.611,140.879,143.77,173.65,173.68,174.7,161.04
126,165.605,149.622,152.815,150.954,168.928,153.676,163.454,135.326,162.45,172.621,184.144,140.951,144.542,174.456,174.162,173.826,161.101
127,166.2,149.722,152.55,150.696,169.202,153.508,163.729,135.118,162.846,171.672,183.617,140.964,145.414,175.511,174.625,173.055,161.282
128,166.548,150.292,152.393,150.619,169.666,153.203,163.952,134.936,163.253,170.706,183.632,140.814,146.132,176.48,174.763,172.343,161.372
129,166.869,151.438,152.279,150.341,170.31,152.818,164.051,134.991,163.086,169.657,183.591,140.663,146.694,177.378,175.596,171.956,161.905
130,167.277,152.581,152.502,150.055,170.444,152.444,164.199,134.818,163.017,169.205,183.827,140.919,146.749,178.595,176.565,171.625,162.456
131,167.654,154.038,152.754,150.186,170.062,152.607,164.447,134.567,162.413,168.766,184.029,141.054,146.688,179.89,177.866,171.685,162.781
132,167.584,155.068,153.044,150.602,170.398,152.217,164.289,134.279,161.986,168.322,184.008,140.931,146.331,180.621,178.88,171.98,162.799
133,167.694,155.663,153.488,151.368,170.725,152.168,163.883,134.053,161.318,168.136,183.848,140.851,145.886,181.366,179.445,172.254,163.008
134,168.207,156.565,154.017,152.065,171.232,152.153,163.625,133.988,160.45,168.25,183.501,140.888,145.416,182.098,179.544,172.509,163.076
135,168.337,157.739,154.297,152.705,171.287,152.549,163.277,133.809,159.593,167.93,183.058,141.234,145.145,182.561,179.776,172.673,162.774
136,168.739,158.67,154.563,153.153,170.875,152.832,162.98,133.844,159.446,167.393,182.551,141.168,144.879,182.944,179.732,173.492,162.244
137,169.116,159.08,154.747,153.152,170.818,153.168,162.673,133.81,159.602,166.915,182.045,141.129,144.817,182.661,179.592,174.165,162.115
138,169.439,159.712,154.997,152.918,170.476,153.174,162.603,133.976,159.564,166.243,181.563,141.592,145.068,182.192,178.909,174.78,162.067
139,169.797,160.294,155.447,153.078,170.692,152.977,162.236,134.11,159.912,165.331,181.002,142.234,145.257,181.772,178.734,174.698,162.536
140,170.274,160.513,155.64,153.317,170.422,152.547,162.17,134.048,160.457,164.387,180.094,142.945,145.489,181.533,178.9,174.579,163.057
141,170.734,160.543,156.024,153.316,169.83,152.448,162.238,134.136,161.401,163.388,179.615,143.524,145.781,181.192,178.866,174.125,163.705
142,171.115,160.439,156.227,153.109,168.829,152.675,162.303,134.382,162.412,162.331,178.896,144.561,146.327,180.828,178.891,173.62,163.835
143,171.287,160.543,156.753,152.862,168.204,152.564,162.629,134.695,163.338,161.797,178.423,145.275,147.038,180.532,179.082,172.712,164.373
144,171.515,160.267,157.205,152.645,167.792,152.361,163.39,134.96,163.878,161.183,178.216,146.316,147.089,180.273,179.188,171.56,164.645
145,172.481,160.125,157.499,152.675,167.602,152.146,164.004,134.833,164.336,160.302,177.858,146.861,147.481,179.864,178.907,170.678,164.701
146,173.555,160.528,158.124,152.681,167.383,151.98,164.723,134.775,164.786,159.835,177.426,147.033,147.481,179.633,178.639,169.527,164.448
147,174.507,161.277,158.544,152.693,167.275,152.003,165.086,134.819,165.715,160.176,177.362,146.913,147.692,179.977,178.305,168.667,164.008
148,175.2,161.85,159.048,152.888,166.951,152.281,165.464,134.771,166.302,160.944,177.383,146.724,147.89,180.599,178.33,168.117,163.342
149,175.762,162.835,159.597,152.909,166.934,152.415,166.005,134.538,166.512,161.233,177.258,146.909,147.761,181.249,178.689,167.724,162.743
150,176.088,164.322,160.342,152.462,166.701,152.483,166.395,134.373,166.604,161.392,177.44,147.703,147.808,181.602,178.792,167.465,162.503
151,176.164,165.29,160.959,152.313,166.392,152.59,166.681,134.323,166.348,161.167,177.565,148.404,147.878,181.932,178.777,167.747,162.298
152,176.081,166.137,161.404,152.11,166.371,152.81,166.777,134.248,165.697,160.931,177.227,149.196,147.658,182.494,178.653,168.084,161.95
153,175.953,167.608,161.906,152.017,166.54,152.97,166.853,134.148,164.725,160.465,176.94,149.778,147.39,182.919,178.674,168.133,161.404
154,175.703,168.42,162.298,151.733,166.721,152.909,167.106,134.213,163.837,159.759,176.735,150.719,147.542,183.567,178.756,167.831,160.852
155,175.363,168.952,162.36,151.257,166.775,152.957,167.509,134.635,163.355,158.962,176.431,151.397,147.933,184.249,179.157,167.49,160.344
156,175.188,169.077,162.362,150.96,166.713,152.887,168.066,134.992,163.352,158.47,175.661,151.99,148.657,184.378,179.596,166.838,159.845
157,175.267,169.521,162.242,150.768,166.447,152.979,168.393,135.184,163.709,158.073,174.834,152.425,149.405,184.667,180.141,166.677,159.751
158,175.512,169.892,161.856,150.554,166.348,153.2,168.683,135.324,164.5,157.731,174.001,152.824,150.453,184.763,180.286,166.751,159.332
159,175.795,170.597,161.495,150.584,166.331,153.203,168.884,135.507,164.807,156.911,173.107,152.979,151.333,184.664,180.763,166.364,159.299
160,175.916,171.291,161.073,150.456,166.615,153.326,168.659,135.812,165.201,156.606,172.047,153.032,152.211,184.699,181.131,165.864,159.287
161,176.092,171.816,161.032,150.694,167.199,153.364,168.558,136.196,165.677,156.538,171.303,152.983,153.164,184.847,181.183,164.904,159.145
162,176.116,172.749,161.255,150.768,167.431,153.419,168.409,136.438,166.124,156.185,170.627,152.921,153.713,185.013,181.242,163.828,159.076
163,176.027,173.953,161.439,150.703,167.786,153.865,168.098,136.72,166.552,156.031,170.215,152.354,154.239,185.116,181.466,163.077,159.312
164,175.673,174.411,161.683,150.293,167.966,154.406,167.942,137.044,167.136,156.005,169.681,152.001,154.724,185.233,181.967,162.231,159.531
165,175.709,174.849,161.781,150.166,168.325,154.896,167.87,137.228,167.973,155.854,169.162,151.722,155.242,185.288,182.354,161.33,159.533
166,176.06,174.719,161.853,150.117,168.656,155.232,168.014,137.452,168.572,156.118,168.744,151.316,155.539,185.631,182.855,160.82,159.458
167,176.554,174.6,161.953,150.046,168.856,155.243,168.213,137.579,169.147,156.615,168.41,151.037,155.765,185.61,183.285,160.571,159.424
168,176.574,174.601,162.06,150.158,169.064,155.28,168.434,137.618,169.311,156.505,168.28,151.016,155.894,185.748,183.781,160.887,159.383
169,176.666,174.286,162.522,150.614,169.1,155.474,169.027,137.69,169.127,156.182,168.534,151.329,155.979,186.132,183.983,161.268,159.102
170,176.711,174.484,163.225,150.889,168.987,155.46,169.446,137.705,168.694,155.933,168.891,152.32,156.159,186.915,183.963,161.556,159.015
171,177,174.508,163.881,150.885,168.946,155.765,169.758,137.989,168.552,155.687,169.247,153.153,156.254,187.402,184.401,161.831,158.471
172,177.054,174.836,164.484,150.954,168.97,156.302,170.07,138.488,168.891,155.807,169.326,154.018,156.316,187.351,184.847,161.895,158.085
173,177.509,175.854,165.085,151.405,169.155,156.865,170.453,138.834,168.937,155.787,169.088,154.989,156.785,187.354,184.865,162.182,157.714
174,178.107,176.689,165.565,151.814,168.963,156.924,170.895,139.207,169.044,155.765,168.872,155.787,157.006,187.195,184.873,162.915,157.144
175,178.911,177.219,165.858,152.044,168.648,156.559,171.148,139.524,168.922,155.845,168.357,156.236,156.662,186.971,184.918,163.24,156.767
176,179.461,177.6,165.968,152.22,168.387,156.278,171.37,139.835,168.698,155.878,168.061,156.258,156.359,186.755,184.663,163.611,156.512
177,179.822,178.613,166.133,152.564,168.645,156.006,171.14,140.233,168.611,156.008,167.744,156.336,155.672,186.902,184.313,163.19,156.129
178,180.598,179.821,166.2,152.772,168.937,155.795,171.098,140.828,168.752,156.289,167.495,156.323,155.387,187.409,184.189,162.654,156.179
179,181.094,180.768,166.534,153.059,169.271,155.798,170.928,141.306,169.103,156.652,167.19,156.468,155.097,187.836,184.74,161.957,156.258
180,181.566,180.995,166.649,153.481,169.37,155.669,170.879,141.487,169.847,156.815,167.128,156.523,155.156,188.577,185.555,161.111,156.554
181,181.449,181.175,166.83,153.773,169.565,155.012,170.69,141.652,170.739,156.933,167.317,156.195,155.38,189.726,185.885,159.716,157.045
182,181.226,181.383,167.142,154.217,169.66,154.677,170.334,141.773,171.796,157.116,167.397,155.585,155.603,190.533,186.053,158.422,157.474
183,180.884,181.923,167.25,154.501,169.785,155.005,170.192,141.871,172.908,157.711,167.545,154.802,155.887,190.894,185.895,157.44,157.824
184,180.338,182.594,167.198,154.786,169.855,155.085,170.209,141.903,173.563,158.584,167.727,153.727,156.358,191.246,185.891,156.941,158.06
185,180.474,183.707,166.94,154.849,170.33,155.683,170.353,141.83,174.001,159.276,167.814,153.022,156.511,191.23,186.193,156.687,158.411
186,181.103,184.698,166.439,154.571,170.797,155.92,170.595,141.712,174.71,159.797,167.58,152.65,156.466,190.93,186.274,156.142,158.346
187,181.99,185.724,166.197,154.027,171.124,156.029,170.864,141.694,175.488,160.302,167.592,153.16,156.386,190.6,186.299,156.096,158.344
188,182.462,186.439,165.906,153.547,170.62,156.323,171.276,141.524,175.604,160.42,167.679,153.25,156.202,189.638,186.415,156.049,158.37
189,182.639,186.902,165.642,153.106,169.595,156.732,171.821,141.597,176.121,160.167,167.723,153.486,156.494,189.052,186.598,156.003,158.035
190,182.665,187.815,165.928,152.453,168.598,156.431,172.417,141.816,176.1,159.772,167.802,153.995,156.676,188.083,186.576,155.867,157.616
191,182.368,188.76,166.294,151.851,167.917,156.011,173.15,141.958,175.906,159.198,167.541,154.368,156.959,187.482,187.076,155.302,156.959
192,182.173,189.205,166.633,151.364,167.127,155.418,173.763,142.065,175.599,159.332,167.089,154.666,157.322,187.365,187.214,154.764,156.402
193,182.045,189.627,167.22,151.084,166.185,154.743,174.479,142.004,174.887,159.69,166.929,155.247,157.854,187.247,187.47,154.441,156.021
194,181.659,190.252,167.809,151.099,165.052,154.303,175.236,141.942,173.652,159.92,166.538,155.846,158.576,187.138,187.745,154.12,155.893
195,180.953,190.672,168.512,150.995,164.501,154.567,175.486,141.985,172.558,160.151,166.015,156.362,159.17,187.456,188.279,153.944,155.85
196,180.636,190.921,168.954,150.974,164.006,154.802,175.564,141.844,172.016,160.649,165.606,156.888,159.412,187.801,188.482,154.065,156.09
197,180.53,190.673,169.103,151.464,164.145,154.567,175.712,141.629,171.426,160.91,165.259,157.134,159.391,188.627,188.284,154.128,156.522
198,181.049,190.077,169.439,151.632,164.722,154.546,175.613,141.411,171.145,160.331,164.981,157.439,159.336,189.099,188.071,154.249,156.84
199,181.593,190.082,169.709,151.783,165.177,154.856,175.5,141.266,171.022,160.243,164.359,157.543,159.466,189.778,187.936,154.203,156.822
200,181.966,190.263,169.395,151.934,165.478,154.859,175.55,141.002,171.147,160.468,163.962,157.636,159.165,190.454,188.234,154.114,156.941
201,182.383,190.473,168.912,152.457,165.817,154.746,175.627,140.752,171.221,160.79,163.616,158.023,158.82,190.904,188.118,153.879,157.036
202,183.001,191.108,168.579,152.713,166.131,154.825,175.586,140.661,171.34,160.756,163.297,158.015,158.441,191.129,188.075,154.29,156.967
203,183.175,191.607,168.404,152.923,166.712,155.849,175.631,140.728,171.057,160.691,163.022,157.538,158.058,190.827,188.121,154.524,157.273
204,183.161,192.846,167.97,153.042,166.852,157.068,175.488,140.838,170.9,160.963,163.511,157.135,158.015,190.496,187.933,154.887,157.542
205,183.153,193.239,167.332,152.998,167.066,157.971,175.279,140.822,170.887,161.552,163.877,156.647,157.924,189.972,187.704,155.251,157.744
206,183.12,194.527,166.896,152.962,167.125,158.29,174.856,140.871,170.582,161.944,164.447,156.365,157.783,190.167,187.661,155.227,158.029
207,183.393,195.518,166.722,153.115,167.169,158.516,174.451,140.675,170.09,162.047,164.983,156.582,157.515,190.216,187.836,154.925,158.527
208,183.96,196.31,166.513,153.274,167.521,158.836,174.027,140.519,169.472,162.548,165.241,157.061,157.489,189.938,187.954,154.809,158.875
209,184.133,196.674,166.804,153.127,168.215,159.125,173.65,140.306,168.901,162.449,165.357,157.563,157.755,190.004,188.157,154.873,159.251
210,184.137,197.346,167.077,153.121,168.784,158.953,173.634,140.323,168.065,162.514,165.28,157.94,157.716,190.393,188.521,154.564,159.736
211,184.295,197.888,167.295,152.821,168.786,158.455,173.732,140.561,167.348,162.564,164.946,158.433,157.585,191.313,188.468,154.389,160.073
212,184.364,198.214,167.426,152.835,168.997,158.335,174.006,140.544,166.959,162.692,164.666,158.602,157.537,192.347,188.372,153.985,160.136
213,184.272,198.05,167.302,152.785,169.051,158.56,174.292,140.427,167.013,162.739,164.376,159.108,157.877,193.471,188.756,153.65,160.193
214,184.343,197.402,167.242,152.477,168.72,158.576,174.891,140.494,166.789,162.569,164.161,159.511,158.394,194.591,189.165,153.052,160.106
215,183.769,196.786,167.596,152.197,168.538,158.971,175.218,140.373,166.366,162.362,164.223,160.077,158.751,195.237,189.208,152.642,159.648
216,183.492,195.952,167.967,151.667,168.083,159.222,175.609,140.063,166.59,162.328,164.072,160.595,158.79,195.74,188.756,152.277,159.213
217,183.429,195.411,168.528,150.958,167.506,159.312,175.944,139.766,166.712,161.523,164.191,160.672,158.832,195.824,187.93,151.935,158.876
218,183.3,195.106,168.979,150.644,167.322,159.62,176.242,139.342,166.809,161.147,164.283,160.677,159.244,195.865,187.23,151.704,158.421
219,183.187,194.776,169.122,150.236,167.459,160.19,176.623,138.892,167.09,161.365,164.131,160.455,159.526,195.775,187.048,151.661,157.737
220,182.93,194.501,169.229,149.755,167.968,160.833,177.177,138.572,167.527,161.204,164.327,159.759,159.948,195.673,187.19,151.91,156.785
221,182.605,194.165,169.308,149.883,168.439,161.672,177.31,138.156,168.276,161.128,164.851,159.373,160.399,195.164,187.404,152.218,155.905
222,182.247,194.678,169.3,150.094,168.724,162.71,177.471,137.669,168.351,161.309,165.432,159.28,160.459,194.531,187.658,152.549,155.174
223,181.691,194.938,168.971,149.738,168.646,163.693,177.427,137.473,168.237,161.759,166.564,159.646,160.018,193.972,187.818,153.055,154.926
224,181.604,195.085,168.732,149.295,168.438,163.628,177.284,137.434,167.962,162.116,167.112,159.895,160.426,193.897,188.223,153.809,154.917
225,181.937,195.841,168.226,149.165,168.326,163.421,177.018,137.364,167.682,162.468,167.706,160.094,160.811,194.498,188.527,154.279,154.926
226,182.637,196.103,167.824,149.247,168.148,162.823,177.177,137.486,167.46,162.659,167.908,160.12,160.771,195.134,189.108,154.028,154.484
227,183.514,196.435,167.061,149.215,168.313,162.005,177.284,137.466,166.997,162.99,168.357,160.221,160.801,195.495,189.703,153.816,154.189
228,184.456,196.312,166.511,148.934,168.717,161.158,177.035,137.515,167,163.125,168.47,160.658,161.445,195.719,190.505,153.359,153.942
229,185.068,195.93,166.143,149.22,168.945,160.257,177.122,137.64,166.859,163.166,168.459,161.532,161.953,195.782,191.16,152.458,153.581
230,185.746,196.067,165.845,149.629,169.154,159.614,177.27,137.815,166.471,163.432,168.337,162.094,161.903,195.992,191.537,151.88,152.986
231,185.952,196.158,166.2,149.967,169.226,158.956,177.584,137.869,165.986,163.188,168.255,162.572,161.703,196.025,192.616,151.363,152.489
232,185.9,195.807,166.564,150.045,169.094,158.776,178.341,137.837,166.151,163.03,168.168,163.037,161.863,196.579,193.507,150.755,152.394
233,185.952,194.912,167.15,150.106,169.212,158.676,179.053,137.565,166.251,162.377,167.987,163.578,161.846,196.963,194.236,150.64,152.39
234,185.913,193.823,167.765,149.557,169.053,158.644,179.819,137.356,166.504,161.673,167.977,164.094,161.996,197.151,194.735,150.772,152.228
235,186.098,191.946,168.303,148.993,169.423,158.975,180.641,137.068,166.75,161.322,168.043,164.635,161.829,197.189,195.349,150.852,152.397
236,185.984,190.572,168.972,148.819,170.193,159.205,181.6,136.571,167.283,161.03,168.121,164.902,161.618,197.237,195.734,151.239,152.524
237,185.992,189.885,169.51,148.966,171.073,159.757,182.379,136.249,167.874,160.529,168.412,165.158,161.243,197.082,195.914,151.899,152.757
238,185.87,188.934,169.748,148.901,171.806,160.29,182.843,136.197,168.28,160.404,168.538,164.892,160.437,196.82,195.723,152.622,153.148
239,185.555,188.546,169.961,148.353,172.547,160.145,183.289,136.123,168.476,160.119,168.314,164.519,160.134,196.235,195.211,152.944,153.321
240,185.28,188.483,169.73,147.494,172.956,160.09,183.431,135.958,169.33,160.184,168.133,164.731,160.107,196.076,194.711,153.269,154.019
241,184.84,187.968,169.491,146.817,173.224,159.878,183.679,135.851,170.235,160.451,168.345,165.163,160.634,195.997,194.393,153.168,154.877
242,184.553,187.634,169.249,146.986,173.43,159.39,183.746,135.774,170.895,160.304,168.308,165.62,160.678,196.064,194.53,152.763,155.443
243,184.136,187.365,168.841,147.13,173.493,158.592,184.069,135.825,171.237,160.155,168.193,166.394,160.762,195.969,194.963,152.506,155.769
244,183.826,186.918,168.551,147.398,173.22,157.838,184.227,135.969,171.889,159.839,168.45,167.303,160.731,196.007,195.472,152.403,155.932
245,183.561,187.346,168.431,147.844,173.157,157.421,184.086,136.02,172.243,160.253,169.042,167.917,160.445,196.513,195.658,152.266,156.199
246,183.633,187.972,168.365,148.426,172.821,157.162,184.067,136.391,172.647,160.817,169.566,168.793,160.408,197.013,196.444,151.849,156.371
247,183.818,188.614,168.47,148.39,172.028,157.105,184.068,136.771,173.122,161.432,170.037,169.561,160.383,197.335,197.403,151.816,156.434
248,184.047,188.482,168.747,148.238,171.6,157.326,184.221,136.856,173.915,161.775,170.177,169.993,160.7,197.597,198.305,151.883,156.12
249,184.28,187.98,169.376,147.84,171.227,157.157,184.1,136.811,174.577,162.353,169.866,170.362,160.492,197.866,198.932,151.815,155.883
250,184.315,187.252,169.853,147.111,171.079,156.912,184.029,136.589,174.841,162.818,169.571,170.502,160.086,198.042,199.153,152.162,155.627
251,184.561,187.068,170.493,146.74,171.237,157.127,183.993,136.274,174.886,163.016,169.44,170.543,159.881,198.159,199.509,152.472,156.159
252,185.078,186.985,170.574,146.614,171.39,157.33,183.751,135.738,175.012,162.906,169.513,170.777,159.631,198.198,199.766,152.577,156.459
253,185.609,185.92,170.899,146.718,171.686,157.228,183.712,135.312,174.553,162.257,169.475,170.894,159.292,198.475,199.741,153.002,156.676
254,185.961,184.896,171.138,146.692,171.604,157.261,183.386,135.094,174.506,161.739,169.308,170.763,159.293,198.566,199.852,153.527,156.879
255,186.148,183.905,171.315,146.711,171.953,157.478,183.594,134.939,174.471,161.563,169.354,170.688,159.181,198.777,199.931,153.931,157.154
256,186.229,182.955,171.456,146.981,172.763,157.575,183.79,134.862,174.826,161.185,169.071,170.715,159.174,198.904,200.048,154.09,158.132
257,186.342,181.849,171.337,147.171,173.413,158.134,184.647,134.817,175.3,160.56,168.718,171.189,159.155,198.868,200.126,154.164,159.246
258,186.121,180.588,171.278,147.367,174.301,158.375,185.414,134.645,175.512,160.166,168.776,172.34,159.147,198.724,199.752,154.268,160.129
259,185.91,179.811,171.122,146.97,175.061,158.448,185.705,134.785,175.853,159.772,169.054,173.161,159.073,198.554,199.547,154.621,161.07
260,185.961,179.173,170.745,146.327,175.679,158.403,185.781,134.952,176.123,159.392,169.419,173.888,158.941,198.396,199.17,154.818,161.602
261,185.575,179.183,170.632,145.784,176.462,158.148,185.677,135.245,176.103,159.328,169.478,174.741,158.609,198.348,198.633,154.57,161.562
262,185.075,179.242,170.46,145.176,176.795,157.457,185.412,135.692,176.279,159.218,169.51,175.134,158.615,198.261,197.922,154.248,161.642
263,184.702,180.054,170.462,144.748,177.287,156.691,184.926,135.981,176.834,159.13,170.148,175.199,158.272,198.186,197.277,153.94,161.882
264,184.302,180.404,170.782,144.538,177.687,156.16,184.96,136.182,177.731,159.292,170.389,175.123,158.075,198.213,196.928,153.705,161.873
265,184.079,180.328,171.085,144.277,177.78,156.075,184.841,136.289,178.034,159.517,170.68,175.033,158.095,198.479,196.758,153.483,161.56
266,184,180.221,171.388,144.344,177.259,155.691,184.984,136.332,178.606,159.665,170.715,174.607,158.184,199.12,196.512,153.388,161.548
267,183.846,180.155,171.457,144.359,176.554,155.34,185.157,136.384,179.33,160.147,170.519,174.163,157.931,199.501,196.583,153.559,161.361
268,183.592,179.9,171.818,144.513,176.32,154.932,184.967,136.572,179.8,160.128,170.49,173.952,157.955,199.694,196.867,153.491,161.331
269,183.414,179.593,172.067,144.798,176.027,154.551,184.535,136.627,179.856,160.381,170.298,173.921,157.449,200.09,197.119,153.541,161.829
270,183.621,179.533,172.234,145.061,175.788,154.427,184.008,136.868,179.673,159.654,170.354,173.624,157.132,200.696,197.349,153.646,162.357
271,183.774,179.151,172.562,144.878,175.723,154.101,183.774,137.041,179.419,159.198,169.558,173.582,156.925,200.748,197.422,153.842,162.687
272,183.856,178.951,172.799,145.012,175.254,153.492,183.591,137.342,179.306,158.959,168.986,173.093,156.976,200.62,198.078,153.888,162.722
273,184.245,178.291,172.965,144.658,174.949,153.074,183.304,137.227,179.288,159.104,168.293,172.367,156.701,200.579,198.54,154.053,162.64
274,184.679,177.7,172.854,144.285,174.856,152.833,183.467,137.269,179.474,159.046,167.608,171.146,156.983,201.099,198.851,153.984,162.265
275,184.772,177.546,172.984,143.801,174.915,153.207,184.091,137.537,179.846,159.271,167.032,169.707,157.044,201.666,199.236,154.05,161.951
276,185.049,177.086,172.991,143.505,174.999,153.54,184.607,137.648,179.988,159.257,166.981,168.864,156.913,202.17,199.399,153.871,161.691
277,185.251,175.869,173.158,143.387,175.34,153.468,185.04,137.833,180.352,159.566,166.998,168.522,156.474,202.624,199.74,153.309,161.074
278,185.328,174.844,173.154,142.816,175.252,153.167,185.33,137.971,180.234,159.916,167.251,168.383,156.098,203.461,200.264,152.965,160.575
279,185.057,174.202,173.231,142.326,174.764,152.928,185.703,137.831,180.122,159.831,168.019,167.936,155.877,204.473,201.263,152.663,160.276
280,184.47,173.503,172.977,142.083,174.62,152.327,185.769,137.625,179.876,159.767,169.161,167.679,155.59,205.336,202.599,152.465,159.75
281,183.858,172.706,172.847,141.929,173.805,152.144,185.796,137.549,179.369,160.312,170.044,167.75,155.732,205.729,204.086,152.092,158.928
282,184.06,172.105,172.939,142.002,173.12,151.737,185.697,137.745,179.115,160.213,170.882,167.367,155.697,206.413,205.385,152.33,158.128
283,184.72,171.992,172.9,141.6,172.303,150.967,185.701,137.903,179.158,159.882,171.233,166.922,155.628,206.432,206.326,152.571,157.458
284,185.493,171.742,172.862,141.309,171.888,150.51,185.806,138.023,178.973,159.646,171.49,166.526,155.904,206.609,206.633,152.712,156.771
285,186.241,171.672,172.852,141.115,171.414,149.348,185.61,138.012,178.664,159.076,170.979,166.252,156.645,206.322,207.214,152.973,155.696
286,187.062,171.58,172.528,140.812,171.142,148.343,185.119,138.007,178.413,158.215,170.196,165.319,157.149,205.751,206.749,153.351,154.614
287,187.865,170.815,172.552,140.805,170.907,147.478,184.383,137.809,178.22,157.391,169.749,164.115,157.506,205.318,206.643,153.847,153.814
288,188.377,169.837,172.63,141.073,170.872,146.584,183.805,137.801,177.866,156.702,169.304,162.711,157.342,205.218,205.881,153.909,153.532
289,188.865,168.343,172.497,141.114,170.525,145.275,183.079,137.821,177.575,155.966,169.387,161.422,157.198,204.955,205.438,153.89,153.474
290,189.012,167.332,172.39,141.086,170.456,144.465,182.784,138.038,177.209,155.256,169.403,161.017,157.057,204.896,205.021,153.972,153.418
291,189.275,166.776,172.198,141.293,170.97,143.769,182.32,138.147,177.047,154.306,169.581,160.484,156.43,205.037,204.72,154.172,153.267
292,189.524,166.58,171.871,141.332,171.529,143.42,181.969,138.473,176.906,153.345,169.443,160.283,155.997,204.762,204.229,154.255,153.01
293,189.927,166.38,171.461,141.653,171.823,143.44,181.583,138.678,177.028,152.744,169.283,159.828,155.629,204.341,204.047,153.96,153.052
294,190.174,166.315,171.322,142.059,171.952,143.946,181.682,138.803,177.014,152.561,169.297,158.951,155.087,203.796,204.105,153.631,153.481
295,190.575,165.823,171.237,142.584,172.16,144.53,181.988,139,177.245,152.619,169.433,158.986,154.231,203.777,204.081,153.315,153.56
296,191.247,166.043,171.376,142.949,171.939,145.093,182.418,139.286,177.443,152.691,169.46,159.416,153.599,204.254,203.672,153.112,153.49
297,191.81,166.837,171.599,143.289,171.303,145.572,182.695,139.682,178.037,152.642,169.767,159.756,152.986,204.642,203.178,153.132,153.657
298,191.994,167.619,171.727,143.386,170.526,145.544,182.87,140.008,178.703,152.693,170.137,161.154,152.793,205.135,203.149,153.059,154.018
299,192.021,168.083,171.949,143.471,169.733,145.831,183.169,140.011,179.351,153.096,170.478,162.231,152.757,205.502,203.008,152.608,153.997
300,191.698,168.347,171.887,143.745,169.339,146.265,183.486,139.838,179.971,153.469,170.767,162.442,152.965,205.969,202.9,152.541,153.821
301,191.283,167.684,171.884,144.403,169.198,146.884,183.579,139.696,181.233,153.861,170.886,161.832,153.381,206.057,202.823,152.366,153.541
302,190.792,166.988,172.038,144.69,169.519,147.193,183.278,139.374,182.304,153.676,170.714,161.302,153.448,206.292,203.131,152.654,153.208
303,190.356,165.762,172.433,144.838,169.693,146.896,182.998,139.305,182.818,153.259,170.806,160.975,153.75,206.527,203.867,153.021,152.814
304,190.078,163.733,173.084,145.229,170.058,146.503,182.782,139.135,183.309,153.278,170.634,160.981,154.039,206.686,204.211,153.381,152.938
305,190.058,162.389,173.449,145.653,170.014,146.392,182.497,138.955,183.68,153.325,170.683,161.747,154.022,206.434,204.47,153.689,153.241
306,190.366,160.807,173.587,146.087,169.911,145.998,182.264,138.912,184.151,153.431,170.602,162.295,153.58,206.158,204.689,154.205,153.964
307,190.744,159.005,173.705,146.66,170.118,145.702,181.753,139.173,184.411,153.454,170.643,162.052,153.362,205.945,205.164,154.238,154.548
308,191.036,157.508,173.752,147.569,170.244,145.35,181.348,139.569,184.399,153.346,170.501,160.727,153.375,205.692,205.334,154.162,154.961
309,191.382,156.498,173.385,148.149,170.314,145.23,180.679,139.836,184.173,153.032,170.5,159.978,153.528,205.77,205.269,154.071,155.338
310,192.265,155.512,173.017,148.289,169.968,145.389,180.115,140.02,183.647,152.929,170.518,159.517,153.497,205.705,204.913,154.112,155.681
311,193.454,154.457,172.473,148.286,169.176,145.676,179.22,140.156,183.196,152.72,170.762,159.305,153.441,205.763,204.806,154.067,155.537
312,194.047,153.621,172.254,147.911,168.056,146.272,178.551,139.953,182.69,152.711,171.228,159.656,153.677,206.303,204.448,154.477,155.349
313,194.488,152.996,171.933,147.813,166.997,146.737,178.462,140.008,182.174,152.522,172.488,160.479,153.638,206.561,203.922,154.806,154.9
314,194.894,151.752,171.458,147.673,166.092,147.069,178.879,140.304,181.328,152.914,174.327,161.564,153.849,207.05,204.009,155.064,154.487
315,195.122,150.63,171.381,147.788,165.468,147.582,179.336,140.582,180.855,153.135,176.101,161.906,154.116,207.218,203.987,155.334,153.795
316,195.371,149.813,171.706,147.827,164.918,147.965,180.129,140.863,180.498,153.49,177.983,161.615,154.244,207.423,204.114,155.251,153.197
317,195.241,149.201,171.914,148.104,164.972,148.389,180.869,141.161,180.126,153.529,179.909,161.485,153.974,207.378,204.807,155.521,152.956
318,195.18,149.156,172.03,148.48,165.215,148.694,181.479,141.35,179.839,153.541,180.838,160.99,153.932,207.079,204.856,155.715,152.529
319,195.364,148.64,171.888,148.914,165.714,148.657,182.44,141.615,179.764,153.194,180.756,160.865,154.526,206.729,205.076,155.716,152.231
320,195.902,148.155,171.846,148.861,165.787,148.734,183.151,141.726,179.208,153.667,180.406,160.14,155.391,206.122,204.724,155.444,152.125
321,195.865,147.412,171.868,148.603,165.896,149.126,183.778,141.711,178.721,153.996,173.947,159.445,156.057,205.766,203.775,155.221,151.796
322,195.985,146.981,171.962,148.518,165.678,149.255,184.027,141.671,178.788,153.883,170.817,158.733,156.309,205.46,202.959,155.167,152.005
323,195.7,146.057,172.231,148.594,165.05,149.076,184.253,141.641,178.769,153.858,,158.346,156.5,205.046,202.364,155.688,152.21
324,195.217,145.554,172.29,148.741,164.619,148.945,184.56,141.805,179.184,154.146,,158.249,156.301,204.771,201.807,156.121,152.242
325,194.634,144.689,172.429,148.939,163.699,148.534,184.897,142.07,179.585,154.365,,157.433,156.365,204.897,201.205,156.252,152.572
326,194.009,143.782,172.546,149.717,163.056,148.545,184.962,142.407,179.911,154.856,,156.002,156.873,204.546,200.735,156.349,153.011
327,193.543,143.092,172.244,150.476,162.233,148.475,184.76,142.672,180.543,154.849,,154.332,157.146,204.024,199.94,156.725,153.474
328,193.442,142.958,171.875,151.394,161.591,148.683,184.218,142.881,181.411,155.256,,153.327,157.359,203.707,199.118,157.063,153.862
329,193.32,142.581,171.269,151.886,161.529,149.233,183.362,142.903,181.71,155.519,,152.142,157.595,203.715,198.576,156.877,154.343
330,193.027,142.408,171.11,152.297,161.83,149.814,182.549,142.657,181.651,155.841,,151.413,157.75,203.704,198.042,156.528,154.623
331,193.117,141.856,170.931,152.727,162.005,149.97,181.915,142.731,181.176,156.451,,150.738,157.613,204.074,197.511,155.946,154.458
332,193.147,142.063,170.534,153.518,162.087,149.643,181.291,142.891,180.55,156.884,,150.461,157.288,204.268,196.726,155.756,154.513
333,193.685,141.502,170.033,154.329,162.747,148.912,180.61,142.777,179.893,157.668,,150.865,156.762,203.573,195.617,155.238,154.322
334,194.074,141.974,169.673,155.254,162.871,148.449,179.799,142.848,179.045,158.028,,151.077,156.286,202.989,194.967,154.521,153.96
335,194.182,142.628,169.535,156.07,163.133,147.984,179.145,142.985,178.044,158.368,,151.297,155.965,202.701,194.711,153.801,153.672
336,194.221,142.389,169.245,156.836,163.592,147.316,178.771,143.043,177.102,158.912,,151.422,156.081,202.267,194.358,153.339,153.048
337,193.449,142.03,168.878,157.435,163.655,146.868,178.309,143.096,176.514,158.956,,151.568,156.76,202.284,194.095,153.263,152.883
338,192.779,141.749,169.033,158.127,163.582,146.724,178.499,143.134,176.184,159.115,,152.341,157.785,202.521,194.26,153.482,152.681
339,192.156,141.886,169.641,158.722,163.217,146.592,178.632,143.073,176.259,158.647,,153.067,158.58,202.743,194.522,153.387,152.676
340,192.191,142.294,170.308,159.763,162.902,146.565,178.837,143.077,176.135,157.972,,154.297,159.212,203.021,194.905,153.246,152.699
341,192.227,142.745,170.881,160.216,162.735,146.25,179.311,143.122,176.155,157.248,,155.42,160.223,203.186,195.223,153.32,152.768
342,192.39,142.565,171.901,160.43,162.631,146.21,179.39,143.302,176.238,156.615,,156.257,161.162,203.481,194.537,153.066,152.69
343,192.412,142.444,172.75,160.334,162.061,146.594,179.076,143.554,176.383,156.445,,156.624,162.31,203.967,194.386,152.978,152.765
344,192.461,142.654,173.356,160.202,161.514,146.816,178.851,143.902,176.626,156.176,,157.292,163.6,204.575,194.553,152.946,153.243
345,192.39,142.742,173.627,160.716,161.42,147.173,178.654,144.223,176.811,155.603,,157.589,164.082,205.369,194.902,153.053,153.767
346,192.199,142.323,173.779,161.361,161.717,147.922,178.405,144.354,177.196,155.341,,157.9,163.868,205.963,195.014,153.169,154.728
347,191.966,141.624,173.979,162.195,162.215,148.528,178.232,144.367,177.785,155.444,,157.68,159.266,206.65,194.953,153.22,155.463
348,191.417,140.591,173.936,162.98,162.612,148.88,178.295,144.595,178.11,155.623,,157.397,156.82,207.252,195.148,153.253,156.497
349,190.665,139.492,173.497,163.541,163.276,149.184,178.215,144.474,178.245,156.103,,157.435,,207.614,195.72,153.327,157.869
350,190.276,138.511,173.137,164.192,164.185,149.528,178.113,144.094,177.68,156.432,,157.601,,207.57,196.778,153.447,158.914
351,190.276,137.22,172.911,164.66,164.716,149.74,177.738,143.812,176.796,156.776,,158.054,,207.66,198.802,153.369,159.242
352,190.09,136.74,172.683,165.876,165.007,150.074,177.188,143.951,176.147,156.927,,158.24,,207.821,200.96,153.377,158.455
353,189.822,136.663,172.024,167.259,165.043,150.24,176.261,144.043,175.673,156.657,,158.057,,207.932,202.457,153.582,153.104
354,189.559,136.078,171.42,168.751,165.276,150.383,175.291,144.066,175.202,156.631,,157.639,,208.233,203.158,153.99,151.368
355,189.528,136.413,170.807,170.518,165.547,149.971,174.841,144.305,175.481,156.713,,157.509,,208.561,203.698,153.864,
356,189.356,137.007,170.378,172.599,165.594,149.23,174.523,144.671,177.297,156.322,,157.853,,209.294,203.447,153.524,
357,188.735,137.442,169.98,174.518,165.701,148.365,174.212,145.028,180.345,156.472,,158.339,,209.931,202.385,153.476,
358,188.11,137.789,169.393,175.443,165.595,148.534,174.098,145.318,183.354,156.178,,159.291,,210.451,195.966,153.429,
359,187.43,138.986,169.152,173.983,165.415,148.449,174.173,145.46,186.2,155.94,,160.284,,211.216,192.314,153.548,
360,187.406,140.585,168.942,169.049,164.929,149.135,174.55,145.75,188.749,156.229,,160.785,,211.845,,153.867,
361,188.28,142.62,169.443,164.315,164.269,149.856,175.311,145.829,190.627,156.011,,161.28,,211.984,,154.301,
362,190.037,144.674,170.857,,163.421,150.14,176.132,146.068,191.365,155.793,,162.194,,212.074,,155.415,
363,192.338,144.978,172.228,,163.07,149.212,177.115,146.682,190.505,155.353,,163.893,,210.352,,156.51,
364,194.155,144.714,173.87,,162.759,144.493,178.026,148.461,185.289,155.494,,165.765,,204.482,,157.93,
365,195.485,141.083,174.964,,162.853,143.222,179.004,150.467,181.563,156.674,,167.037,,201.525,,159.368,
366,196.004,137.486,175.654,,163.197,,179.459,152.506,,158.174,,167.017,,,,160.556,
367,195.609,,175.741,,163.327,,179.378,153.465,,159.497,,166.085,,,,160.756,
368,193.923,,175.354,,162.923,,178.064,152.53,,159.849,,164.671,,,,159.934,
369,190.287,,170.629,,156.84,,173.393,144.811,,154.101,,157.975,,,,154.819,
370,186.446,,168.151,,154.405,,170.539,141.16,,151.413,,154.686,,,,151.985,