slice,38_SS.1,90_DD.1,96_DS.1,70_SD.1,86_DS.1,95_DS.1,25_SD.1,83_DD.1,94_DD.1,39_SS.1,35_SS.1,40_SD,63_SS,63b_SS,48_SD,30_DD,27_DD,27b_DD,61_SS,50_DS,29_DD,52_DS,52b_DS,46_SD,46b_SD,65_SS,65b_SS,54_DS,54b_DS
1,121.736,158.633,105.699,101.546,126.103,112.209,114.03,109.751,103.158,138.509,155.435,146.699,121.177,124.931,122.465,124.708,133.061,138.212,118.543,107.385,125.638,100.113,98.765,104.452,96.095,124.067,128.038,151.58,110.295
2,125.391,161.583,109.362,105.894,127.412,115.921,116.658,113.218,108.584,143.217,156.308,151.814,124.118,123.944,121.712,132.749,138.693,142.362,126.255,110.053,139.374,106.829,106.455,107.28,97.394,127.273,131.223,154.997,125.326
3,130.091,162.738,112.957,108.876,126.712,121.009,118.663,114.589,111.42,148.157,155.816,155.306,129.87,125.722,121.233,136.856,144.79,144.971,133.32,112.747,149.847,110.081,114.217,110.078,98.49,132.039,131.192,157.001,133.807
4,132.645,164.004,115.729,111.203,126.096,125.381,120.164,114.97,115.594,151.254,155.144,157.2,131.046,128.365,120.845,139.911,148.526,146.706,137.187,116.453,152.993,112.602,119.288,108.812,99.887,134.725,129.838,159.367,139.228
5,134.932,163.245,116.099,113.553,127.116,131.193,122.185,116.507,119.827,152.045,154.466,157.951,131.398,131.957,121.585,140.837,150.635,150.322,139.931,120.618,152.519,114.026,120.841,107.423,101.777,136.87,130.453,159.912,142.988
6,136.046,162.869,117.057,116.179,126.919,136.716,123.834,117.838,122.178,151.488,154.037,158.612,131.388,135.915,122.41,141.007,151.695,152.88,142.455,125.009,151.468,116.786,124.408,106.755,103.282,137.628,131.297,161.273,144.999
7,136.454,162.606,116.204,119.029,126.499,142.16,125.364,120.208,121.727,150.759,153.128,157.684,131.105,139.202,122.786,140.027,153.334,153.801,144.99,128.915,150.644,120.237,126.278,106.498,105.69,137.736,131.971,160.905,145.924
8,137.343,161.851,117.407,121.678,127.29,146.241,127.042,124.263,125.283,149.853,152.777,156.227,130.159,141.65,123.025,139.194,154.47,153.685,146.387,132.031,148.479,122.84,129.327,107.32,106.929,136.879,133.065,162.071,145.832
9,137.843,161.427,120.492,124.274,128.705,148.56,128.84,126.452,131.626,149.075,152.794,154.237,129.405,142.088,123.876,138.966,154.853,154.366,147.188,133.879,145.54,125.655,132.517,109.078,108.315,137.311,133.732,162.388,145.759
10,138.62,161.203,123.145,126.18,130.516,149.778,130.524,127.037,137.685,149.031,153.012,152.444,129.355,140.289,125.975,138.862,155.74,154.904,147.891,135.275,145.074,128.969,136.105,110.588,109.702,138.408,135,162.723,145.934
11,139.436,161.768,124.399,127.195,132.104,152.382,132.645,127.384,142.937,148.98,154.436,150.728,129.854,139.34,128.272,140.231,157.209,155.24,148.052,136.804,145.278,131.52,137.328,112.032,110.763,141.571,136.285,163.504,146.523
12,141.376,162.682,124.251,129.18,133.287,155.13,133.41,127.201,145.072,148.69,156.211,150.162,130.235,138.834,130.108,142.257,159.405,155.642,148.021,138.383,145.708,133.047,139.602,113.643,111.554,145.073,137.494,163.883,147.511
13,143.576,163.491,123.457,130.57,134.565,157.088,134.311,126.719,145.776,148.337,157.497,149.673,130.605,137.989,131.138,143.387,162.438,156.357,148.898,139.133,147.071,135.702,141.223,114.864,112.91,149.022,138.198,163.985,148.603
14,146.069,164.506,123.537,131.941,135.654,158.58,135.387,126.689,147.413,147.487,159.182,148.62,131.523,137.413,131.803,144.818,164.829,157.684,150.288,140.06,148.536,137.077,142.684,116.081,113.657,149.952,138.701,163.983,149.326
15,148.863,165.703,123.616,133.031,137.343,159.803,135.748,127.413,149.668,145.312,159.962,147.7,131.774,136.935,132.842,146.292,166.849,158.387,151.674,141.718,150.977,138.22,143.632,117.411,113.861,149.965,140.21,163.268,149.974
16,151.58,167.333,122.683,133.886,139.536,160.603,136.278,128.876,152.626,142.597,160.71,147.802,131.833,137.225,134.167,147.19,169.168,158.292,153.339,144.083,153.137,138.935,143.791,119.025,114.779,151.138,141.725,162.373,150.83
17,153.26,168.602,122.966,134.612,141.06,161.812,137.409,130.68,155.145,140.298,161.787,148.111,132.614,137.596,136.074,147.618,171.168,156.731,153.706,146.133,155.442,138.544,144.036,119.875,115.684,152.158,144.084,161.552,151.665
18,154.611,169.896,124.979,135.472,142.478,163.777,138.637,131.92,157.753,138.602,162.916,147.87,134.248,137.589,137.996,147.811,173.113,154.733,153.606,147.242,156.555,138.856,144.54,120.707,116.79,153.913,146.747,161.113,152.892
19,155.892,171.153,127.391,135.923,142.967,165.444,139.768,133.09,159.803,137.226,163.572,148.258,136.878,138.295,139.766,147.816,175.229,152.751,153.495,147.99,157.164,141.047,144.82,120.222,117.097,155.872,150.122,161.662,154.236
20,157.48,171.574,130.291,135.9,142.229,167.708,141.058,134.426,162.62,136.798,164.087,148.978,138.745,138.57,140.743,147.891,177.291,151.899,153.418,148.994,158.078,144.523,145.948,119.364,117.845,157.276,152.416,163.103,155.227
21,159.451,171.638,132.429,135.181,141.339,170.064,141.738,135.491,165.419,137.337,164.398,149.716,140.792,139.357,141.748,147.145,177.649,152.473,153.324,149.751,158.808,145.412,147.217,119.437,118.411,157.304,153.093,163.885,155.743
22,161.416,171.48,134.352,135.344,140.505,172.273,142.91,136.438,168.805,138.047,164.849,150.274,142.549,140.281,142.504,146.863,177.9,154.109,153.44,150.504,159.848,145.6,148.766,119.835,119.13,156.629,153.553,165.169,155.66
23,162.581,171.418,136.179,135.751,139.808,174.021,144.565,137.945,171.588,138.653,165.208,150.969,143.37,140.537,143.109,146.39,179.199,156.312,153.577,151.112,161.467,147.147,149.992,120.905,120.005,156.278,154.3,166.907,155.216
24,162.117,171.33,136.796,136.494,139.035,175.08,146.2,139.168,172.997,138.853,166.05,151.816,145.221,140.641,143.377,146.066,180.441,158.958,154.027,151.608,162.562,148.397,151.066,121.727,121.186,155.92,154.634,168.078,155.303
25,161.51,171.821,137.319,137.292,138.732,176.302,147.515,140.253,174.261,139.723,167.119,152.89,147.415,141.898,144.402,146.073,181.323,160.695,154.439,151.71,163.103,150.053,152.197,122.227,122.548,155.207,155.005,168.602,156.127
26,161.604,172.378,138.12,138.262,138.623,177.786,148.88,141.296,175.266,140.4,168.479,154.184,150.543,142.299,145.606,146.1,182.375,161.742,154.703,150.957,163.913,151.166,153.375,122.41,123.344,154.24,155.721,168.496,157.697
27,162.367,172.806,139.505,138.641,139.13,178.736,149.921,141.906,175.767,140.533,169.641,155.588,153.392,142.13,146.878,145.91,183.643,162.704,154.452,149.928,163.933,152.393,154.855,122.225,123.611,153.759,156.186,168.817,158.842
28,163.268,173.034,140.286,138.648,139.995,180.121,150.511,142.173,176.331,140.388,170.806,156.823,155.843,142.853,147.784,145.824,184.62,163.487,154.46,149.56,164.268,152.893,156.18,122.048,124.487,154.025,156.076,168.88,159.45
29,163.435,173.693,141.113,138.335,140.624,181.296,150.868,142.779,177.942,140.21,171.659,158.31,157.603,143.581,148.195,146.345,184.51,164.262,154.915,149.153,164.784,153.107,157.742,121.263,125.591,155.121,155.386,168.464,159.808
30,163.691,174.457,142.114,138.858,141.078,182.556,151.384,143.296,179.242,140.081,172.612,159.517,159.176,143.665,147.908,146.938,184.344,165.014,155.666,148.791,165.508,154.034,159.359,120.915,126.528,156.049,154.689,168.296,160.228
31,163.517,175.243,143.682,139.623,141.675,184.291,152.062,143.992,180.534,139.981,173.952,160.512,159.544,143.842,147.909,147.384,184.667,165.741,156.594,148.847,166.772,155.9,160.978,121.276,126.609,157.077,153.671,168.085,160.821
32,163.777,175.328,145.594,140.606,143.152,185.96,152.233,145.163,180.689,139.267,175.507,161.403,160.038,143.038,147.881,147.671,185.465,165.836,157.183,149.456,167.951,156.983,161.966,121.605,126.326,157.67,151.957,168.23,161.668
33,164.446,175.624,146.804,141.662,145.637,187.171,151.602,146.329,180.072,138.828,176.796,161.883,160.692,141.762,147.929,148.147,185.311,165.291,157.487,150.135,168.554,157.215,163.077,122.108,126.12,157.834,151.065,168.847,162.947
34,165.073,175.756,147.583,141.867,147.444,188.538,150.802,147.481,179.639,138.281,177.874,162.28,160.782,140.995,147.833,147.899,185.41,164.871,157.75,151.247,169.135,158.027,163.864,123.189,125.944,158.178,150.773,169.838,163.819
35,165.736,175.44,149.126,141.613,148.833,189.887,149.671,148.421,178.974,137.744,178.19,162.357,160.503,142.722,148.12,147.889,185.323,164.452,158.128,152.35,169.98,159.768,164.835,124.021,125.863,159.075,151.631,170.759,164.794
36,166.404,174.637,151.111,141.545,150.334,190.458,148.621,149.248,178.722,137.68,178.966,162.279,159.816,145.359,148.382,148.031,185.203,163.677,158.482,152.761,170.628,161.934,165.869,125.585,126.017,159.109,152.736,171.737,165.366
37,166.967,174.719,152.281,142.092,151.89,191.314,148.609,150.181,177.976,137.035,179.803,162.145,158.669,146.637,148.783,148.057,184.095,163.238,158.848,153.121,171.134,163.285,166.793,126.493,126.196,159.608,153.796,172.392,165.151
38,167.66,175.348,152.839,143.071,153.595,192.09,148.948,151.352,176.405,136.705,180.344,162.303,157.22,147.093,148.757,148.167,184.047,162.613,159.095,153.27,171.367,164.403,167.603,126.995,126.407,160.576,154.872,172.58,164.617
39,167.781,176.128,153.85,143.93,155.118,193.134,148.493,152.209,175.047,136.683,180.996,162.495,155.97,148.762,148.728,148.729,183.862,161.696,159.325,153.326,171.646,165.891,168.88,127.602,126.729,160.366,156.446,172.847,164.189
40,167.526,176.889,155.5,144.365,156.185,193.858,148.684,152.89,174.226,136.679,181.707,162.692,154.9,150.58,148.96,149.696,183.747,161.002,159.55,153.009,171.667,166.631,169.694,127.886,126.539,160.431,157.749,173.451,163.857
41,166.891,177.573,157.058,144.735,157.359,194.418,148.457,153.747,173.476,136.355,182.296,162.722,154.556,151.354,149.46,150.715,183.748,160.856,159.515,152.822,171.491,167.737,170.671,127.45,126.639,159.64,159.425,174.158,163.816
42,166.623,178.063,158.303,144.285,158.19,194.593,147.879,154.607,173.29,136.267,182.98,162.839,155.241,152.641,149.867,151.852,184.033,161.046,159.259,152.491,171.566,169.642,171.516,127.329,127.173,159.181,159.933,174.405,163.723
43,166.32,178.641,160.349,143.654,158.54,194.671,147.202,155.359,173.224,136.003,183.904,162.764,155.907,153.389,150.24,152.788,184.769,161.485,158.904,152.087,171.496,171.853,172.262,127.66,128.091,159.695,160.071,174.484,163.744
44,166.237,179.172,162.408,143.118,158.968,194.989,146.662,156.161,173.185,135.591,184.877,162.657,156.613,152.757,150.451,153.459,186.135,162.346,158.783,151.772,171.078,173.202,172.684,127.975,128.666,160.901,160.444,174.926,163.909
45,166.259,179.343,164.03,142.403,159.093,195.393,146.739,156.633,173.735,135.169,185.948,162.965,157.333,151.686,150.929,154.396,187.275,163.388,158.694,151.42,170.647,172.883,173.112,127.846,128.974,162.339,161.001,175.402,164.21
46,166.186,179.303,165.913,141.512,159.032,196.156,147.054,156.914,173.805,134.92,186.483,163.123,158.379,151.157,151.068,155.238,187.973,163.307,158.951,151.269,170.145,173.799,174.092,127.898,129.179,163.954,161.577,175.862,164.705
47,166.013,179.171,167.996,140.719,158.932,196.489,147.746,157.071,173.313,134.742,187.156,163.287,159.84,150.677,151.092,156.212,188.496,162.762,159.457,151.234,169.831,174.427,175.501,127.705,129.387,165.424,161.967,176.645,165.178
48,166.144,179.844,169.536,140.396,159.01,196.424,148.393,157.416,172.948,134.448,187.983,163.408,160.99,149.995,150.701,156.974,188.98,162.423,160.138,151.665,169.56,174.788,176.679,127.849,129.875,166.821,161.983,177.087,165.473
49,166.326,180.071,169.731,140.908,159.476,196.781,149.149,158.107,173.031,133.513,189.035,163.632,161.573,149.334,150.136,157.335,190.502,162.633,161.174,152.249,169.073,174.894,177.753,127.837,129.915,167.649,162.411,177.398,166.033
50,166.318,180.615,170.275,141.825,160.075,197.353,149.391,158.428,173.1,132.613,190.137,164.166,161.88,149.092,149.608,157.379,192.211,162.924,162.592,152.814,168.386,174.746,178.744,127.727,129.991,167.961,162.64,177.228,166.488
51,166.304,181.097,170.629,142.74,160.533,197.454,149.473,159.062,173.203,132.412,190.757,164.565,162.413,149.533,149.406,157.259,193.307,163.217,163.868,153.43,167.945,174.572,179.683,127.542,130.193,168.221,162.815,177.049,166.676
52,166.436,181.539,171.727,143.268,161.021,197.396,149.908,159.499,173.371,132.954,191.238,164.803,162.845,150.789,149.573,157.189,194.535,163.828,164.992,154.116,167.512,174.751,180.655,127.254,130.129,168.742,162.603,177.068,167.178
53,166.664,181.646,173.21,144.025,161.806,197.221,150.724,159.878,173.641,133.801,191.794,165.261,162.997,152.325,149.982,157.102,196.028,163.865,166.05,154.577,166.98,175.397,181.83,126.97,130.094,169.402,162.908,177.112,167.816
54,167.206,181.714,175.356,144.453,162.48,196.609,151.196,160.182,173.821,134.642,191.939,165.568,163.015,153.762,150.516,156.99,197.256,163.915,166.859,155.188,166.651,175.684,182.894,126.64,130.27,170.179,163.219,177.472,168.48
55,167.617,182.195,177.771,144.93,162.808,195.601,151.423,160.652,173.832,135.442,191.972,166.07,163.475,154.668,150.86,156.851,198.24,164.138,167.578,155.566,167.011,175.758,184.059,126.871,130.439,170.775,163.485,177.7,169.135
56,167.873,182.355,179.153,145.556,163.039,194.584,152.018,161.678,173.745,135.991,192.154,166.356,164.429,155.456,151.155,156.863,198.429,164.355,168.138,155.713,167.467,175.921,184.983,127.451,130.605,171.372,163.376,177.508,169.483
57,168.025,182.398,179.844,146.039,163.438,193.545,152.603,162.277,173.575,136.531,192.299,166.877,165.257,156.046,151.249,157.037,198.942,164.634,168.625,155.884,168.034,176.046,185.503,128.242,131.163,171.39,163.379,177.235,169.905
58,168.398,182.484,180.83,146.804,164.056,192.607,153.535,162.794,173.009,136.85,192.195,167.391,165.934,156.875,151.618,157.433,199.028,165.107,169.284,156.01,168.203,176.382,185.742,129.015,131.617,171.393,163.747,177.223,170.194
59,168.985,182.189,181.944,147.862,164.464,192.358,154.314,163.556,172.416,137.275,192.102,167.827,166.622,158.632,151.971,157.766,199.362,165.95,169.536,156.007,168.259,177.224,185.765,129.592,132.188,171.473,164.343,177.545,170.471
60,169.53,182.209,181.838,148.513,164.983,192.278,154.926,163.988,171.885,137.669,192.01,168.415,167.417,159.536,152.276,158.096,199.675,166.401,169.605,155.929,168.156,177.875,186.109,130.007,132.854,171.667,164.651,177.661,170.691
61,170.305,182.375,181.833,149.13,165.184,192.226,155.455,164.076,171.272,138.144,192.019,169.04,167.868,160.861,152.401,158.496,199.581,166.831,169.85,155.994,167.968,178.926,186.482,130.651,133.423,171.85,164.466,177.706,170.96
62,171.22,182.512,182.287,149.691,165.329,192.116,155.677,164.657,170.963,138.579,192.206,169.621,168.1,160.76,152.527,159.201,199.595,166.886,170.076,156.21,167.917,180.19,187.081,131.193,134.315,171.851,163.387,177.889,171.18
63,172.183,182.656,182.569,150.148,165.511,191.95,155.479,165.237,171.136,139.24,192.713,169.494,168.179,160.011,152.677,160.463,199.842,166.651,170.291,156.462,167.415,181.358,187.714,131.535,135.206,172.02,162.522,178.283,171.479
64,173.004,183.098,182.315,150.648,165.6,192.069,155.292,165.46,171.226,139.503,193.224,169.208,168.572,158.919,152.886,161.526,199.668,166.319,170.307,156.481,166.825,182.234,188.25,131.636,136.039,172.386,161.974,178.219,171.406
65,173.935,183.177,181.87,151.113,165.608,192.102,155.225,165.453,171.274,139.613,194.169,169.074,169.025,157.079,152.967,162.384,199.204,166.327,170.332,156.584,166.41,183.182,188.101,131.978,136.565,172.792,161.772,178.126,171.173
66,174.62,182.802,181.817,151.61,165.497,192.176,155.308,165.391,171.487,139.749,195.177,168.677,169.057,155.372,152.85,163.564,198.076,166.54,170.22,156.761,166.173,184.293,187.843,132.398,137.026,173.565,161.76,178.163,170.876
67,175.009,182.708,181.452,152.398,165.393,192.191,155.718,165.997,171.493,139.793,196.357,168.416,169.025,153.453,152.569,163.866,197.032,166.459,170.494,156.759,166.055,185.029,187.246,133.135,137.372,173.944,162.007,178.22,170.626
68,175.244,182.821,181.205,153.28,165.263,191.821,156.135,166.751,171.217,140.133,196.937,167.817,169.19,152.26,152.22,164.146,195.836,166.277,170.747,156.791,166.044,186,186.678,133.968,137.853,174.014,162.677,178.161,170.648
69,175.605,183.529,180.502,154.102,165.217,191.504,156.483,167.092,171.107,140.635,197.214,167.209,169.25,151.489,152.17,164.633,194.46,166.369,171.144,156.654,165.996,186.956,186.451,134.342,138.239,174.398,163.588,178.04,170.978
70,175.772,183.826,179.203,154.839,165.31,191.171,156.636,167.302,170.908,141.35,197.498,166.329,169.226,150.475,152.322,165.476,193.129,166.172,171.454,156.347,165.772,187.48,186.572,134.676,138.183,174.957,164.286,178.109,171.372
71,175.94,184.325,178.874,155.566,165.49,191.117,156.402,167.533,170.757,142.357,197.641,165.288,169.411,150.801,152.542,166.074,191.946,165.872,171.657,156.047,165.445,187.845,186.715,134.723,138.031,175.514,165.255,178.115,171.371
72,175.986,184.832,179.007,156.198,165.677,191.216,156.22,167.946,170.354,143.306,197.645,164.522,169.9,151.635,152.775,166.691,191.349,165.527,171.92,155.86,165.599,188.305,187.262,134.876,137.94,175.907,166.341,178.455,171.586
73,175.927,185.484,179.38,156.923,165.899,191.44,156.471,168.337,170.167,144.006,197.414,163.937,170.159,152.545,153.169,167.478,190.393,165.204,172.134,155.692,165.958,188.396,187.896,135.148,137.853,176.212,167.577,178.979,172.004
74,175.915,186.05,179.78,157.236,166.14,191.684,157.108,168.538,169.562,144.785,196.788,163.551,170.427,153.524,153.679,167.77,189.415,164.682,172.188,155.679,166.148,188.541,188.674,135.667,137.478,176.509,169.055,179.358,172.632
75,175.981,186.278,180.061,157.085,166.247,191.683,157.921,168.555,169.009,145.662,196.294,163.58,170.597,154.249,153.938,167.779,188.634,164.464,172.361,155.918,166.316,188.64,189.434,136.378,137.306,176.613,170.443,179.096,173.112
76,176.37,186.577,179.808,157.066,166.474,191.693,158.671,168.868,169.026,146.676,196.316,163.963,170.696,155.01,154.19,167.778,188.197,163.978,172.54,156.121,166.692,188.82,190.117,136.749,137.4,176.757,171.335,178.929,173.584
77,176.849,187.394,179.36,156.855,166.844,191.802,159.14,169.022,169.235,147.442,196.349,164.299,170.727,155.349,154.174,167.186,187.896,163.541,172.775,156.286,166.836,189.282,190.764,136.767,137.542,177.058,172.466,179.11,174.057
78,177.385,188.219,178.889,156.518,167.338,191.891,159.193,168.801,169.247,147.808,196.654,164.641,170.716,155.701,154.117,166.832,187.321,163.239,173.107,156.325,167.384,189.691,191.116,136.638,137.638,177.321,173.094,179.747,174.059
79,177.758,188.739,178.363,156.192,167.646,192.002,159.421,168.933,168.868,148.381,197.265,165.247,170.498,156.553,154.025,166.738,186.764,163.439,173.462,156.208,167.922,189.754,191.246,136.815,137.931,177.673,173.322,180.163,174.04
80,178.2,189.66,177.58,156.379,167.877,192.286,159.761,169.227,168.558,148.975,198.294,165.878,170.554,157.119,153.885,166.831,186.795,163.624,173.845,156.007,168.255,190.101,191.099,136.993,138.222,177.979,173.292,180.876,173.721
81,178.475,190.516,176.986,156.934,168.044,192.477,159.98,169.48,168.669,149.188,199.366,166.689,170.938,157.406,153.71,166.732,186.743,163.806,173.943,156.02,168.612,190.4,190.838,137.323,138.632,178.195,173.347,181.552,173.557
82,178.495,191.252,176.805,157.427,168.247,192.481,160.526,169.815,169.121,149.587,200.675,167.949,171.17,157.384,153.865,167.032,186.609,164.438,173.772,156.241,168.499,190.598,191.022,137.839,139.382,178.192,173.228,182.464,173.56
83,178.409,191.884,176.317,157.793,168.134,192.684,160.816,170.128,169.682,150.031,201.649,169.337,171.59,156.855,153.956,167.273,186.422,165.376,173.675,156.326,168.229,190.997,191.231,138.611,140.31,177.681,173.556,183.103,173.592
84,178.472,192.448,175.564,158.282,167.783,192.677,161.207,170.473,169.889,150.383,202.418,170.725,172.379,156.312,153.858,167.581,186.076,165.84,173.76,156.24,168.309,191.048,191.399,139.38,141.075,177.221,174.026,183.721,173.836
85,178.302,192.657,175.106,158.988,167.42,192.705,161.16,170.692,170.205,150.396,202.953,172.114,173.21,155.717,153.655,168.32,185.76,165.995,173.851,156.18,168.722,191.302,191.204,140.12,141.627,176.919,174.681,183.861,174.386
86,178.015,192.553,174.437,159.596,167.076,192.542,161.322,170.615,170.589,150.467,203.01,172.829,174.195,155.203,153.598,168.922,185.682,165.812,173.919,156.095,169.512,191.92,191.219,141.05,142.005,176.914,175.1,183.618,174.741
87,177.683,192.221,173.71,160.101,166.575,192.282,161.994,170.698,171.07,150.608,202.834,173.086,175.289,154.805,153.528,169.602,185.097,165.814,174.105,155.99,170.232,192.222,191.482,141.984,142.178,177.357,175.33,183.41,174.923
88,177.401,191.851,173.616,160.92,166.541,191.935,162.866,170.302,170.984,150.698,202.564,173.142,176.423,154.694,153.687,170.2,184.477,165.874,174.188,155.924,171.012,192.432,191.825,142.95,142.328,177.752,175.145,183.528,174.939
89,177.207,191.68,173.353,161.846,166.257,191.541,163.398,170.153,170.896,150.727,201.945,173.446,177.168,154.531,153.657,170.608,184.266,165.75,174.19,155.917,171.674,192.423,192.392,144.027,142.622,178.239,175.086,183.798,174.771
90,177.025,191.541,173.279,162.638,165.768,190.977,164.088,170.301,170.916,150.926,201.509,173.423,177.825,154.497,153.767,171.109,184.012,165.578,174.186,155.769,171.966,192.247,193.143,144.697,143.088,178.653,175.228,184.143,174.704
91,176.93,191.553,173.701,163.446,165.025,190.26,164.906,170.074,170.716,151.308,201.151,173.085,178.302,154.387,153.941,171.334,183.895,165.297,174.117,155.614,172.18,192.172,193.878,145.246,143.649,179.162,175.521,184.905,174.59
92,177.003,191.671,175.014,164.39,164.473,189.731,166.031,169.928,170.099,151.616,201.105,172.73,178.541,154.742,154.044,171.444,183.663,165.14,174.017,155.492,172.383,192.41,194.949,145.953,144.53,179.586,176.288,185.563,174.692
93,177.006,192.15,176.556,165.461,164.229,189.714,166.715,169.896,169.427,151.757,201.294,172.119,178.588,155.245,154.274,171.183,183.31,164.689,174.152,155.59,172.624,192.568,195.716,146.293,145.349,179.799,177.305,185.985,174.805
94,176.894,192.897,177.659,166.696,163.885,189.621,167.028,169.56,168.922,152.117,201.897,171.371,178.65,155.305,154.351,170.761,183.015,164.178,174.315,155.68,172.937,192.492,196.575,146.609,146.128,180.217,178.262,185.821,174.617
95,176.753,193.43,178.328,167.679,163.51,189.587,167.146,169.324,168.624,152.441,202.316,170.574,178.835,155.11,154.735,170.163,183.036,163.8,174.612,155.595,173.117,192.579,197.467,146.681,146.661,180.967,178.811,185.32,174.496
96,176.603,193.663,178.251,168.745,163.093,189.386,167.212,169.265,168.767,152.648,202.748,170.004,178.726,155.85,155.188,169.481,182.901,163.538,174.908,155.574,173.276,192.336,198.357,146.768,147.169,181.615,179.315,185.004,174.256
97,176.512,193.688,177.585,169.49,162.569,189.246,167.048,168.913,168.829,152.757,203.733,169.758,178.459,157.181,155.616,168.766,182.504,163.374,175.217,155.863,173.421,192.048,198.867,146.946,147.556,182.326,180.36,184.751,173.89
98,176.454,193.495,177.321,170.21,161.935,189.345,167.446,168.79,168.791,153.149,204.129,169.422,178.012,158.218,156.053,167.717,182.5,163.171,175.261,155.978,173.878,191.847,198.855,147.103,148.191,183.224,181.447,185.065,173.526
99,176.168,193.327,177.571,170.606,161.138,189.325,167.658,168.615,169.005,153.639,204.028,169.57,177.396,159.816,156.452,166.533,182.384,163.265,175.332,155.844,174.075,191.648,198.712,147.143,149.021,184.2,182.069,185.468,173.445
100,175.802,193.284,178.011,170.792,160.155,189.158,168.082,168.146,169.378,154.017,204.097,169.913,176.707,161.563,156.911,165.47,182.651,163.638,175.553,155.737,174.105,191.33,198.635,147.497,149.643,185.355,182.556,185.672,173.488
101,175.457,193.002,178.123,171.075,159.217,189.024,168.776,167.911,169.772,154.578,204.127,170.342,176.17,162.864,157.328,164.969,183.021,164.061,175.801,155.844,174.406,191.383,198.507,148.066,150.389,186.24,182.914,186.154,173.551
102,175.122,192.605,178.74,171.288,158.371,188.895,169.408,167.645,169.954,154.874,204.202,170.771,175.609,163.569,157.777,164.34,183.429,164.362,175.799,155.855,174.69,191.989,198.326,148.895,151.372,186.943,183.358,186.524,173.488
103,174.74,192.479,179.995,171.446,157.745,188.601,169.993,167.148,170.032,154.713,204.127,171.436,174.978,164.137,158.172,164.002,183.95,164.379,175.672,155.701,174.666,192.604,198.379,150.172,152.353,187.429,183.824,187.01,173.275
104,174.389,191.955,180.664,171.495,157.003,188.556,170.721,166.768,169.86,154.44,203.996,172.577,174.588,164.227,158.717,163.849,184.188,164.74,175.682,155.502,174.42,193.113,198.266,151.547,152.852,187.674,184.459,187.472,173.161
105,174.167,191.597,180.79,171.653,156.273,188.704,171.135,166.119,170.055,154.437,203.492,173.491,174.381,164.138,159.186,164.299,184.398,165.306,175.509,155.225,174.346,193.594,198.283,152.368,153.23,187.792,185.059,188.11,173.459
106,173.951,191.134,180.995,171.832,155.66,188.687,171.533,165.439,170.128,154.549,202.864,173.99,174.369,164.138,159.767,164.409,184.555,165.69,175.215,154.921,174.151,194.06,198.54,152.892,153.577,188.042,185.724,188.848,174.498
107,173.763,190.613,181.033,172.075,154.975,188.865,172.022,165.152,170.464,154.82,202.395,174.272,174.771,164.765,160.297,164.16,184.667,165.955,174.809,154.575,174.059,194.082,199.051,153.036,153.639,188.248,186.421,189.115,175.53
108,173.8,189.994,180.948,172.371,154.33,189.208,172.376,164.892,170.898,155.012,202.377,174.752,175.144,165.855,160.943,164.223,185.336,165.669,174.62,154.117,174.046,193.634,199.946,153.122,153.597,188.512,186.929,189.33,176.233
109,173.739,189.93,180.842,172.812,154.014,189.54,172.988,164.622,171.3,155.311,202.203,175.522,175.808,167.016,161.309,164.282,185.491,165.054,174.708,153.499,174.015,193.214,200.852,153.175,153.514,188.282,187.15,189.532,176.79
110,173.732,189.592,180.999,173.216,153.843,189.895,173.232,164.55,171.355,155.797,201.655,175.831,176.231,168.489,161.577,164.328,185.399,164.416,174.736,152.964,174.095,192.328,201.681,153.098,153.544,188.128,187.568,189.712,177.098
111,173.778,189.397,180.512,173.63,153.661,190.42,173.06,164.38,171.171,156.42,201.201,175.748,176.733,169.759,161.792,164.596,185.235,163.987,174.864,152.476,174.56,191.349,202.48,153.101,153.691,187.916,187.768,189.74,177.245
112,173.834,189.337,180.699,173.903,153.298,191.063,172.639,164.231,171.017,156.626,200.786,175.575,177.104,170.496,161.821,164.708,185.086,163.881,174.953,152.046,174.629,190.544,203.179,153.455,153.733,187.715,187.761,189.48,177.351
113,173.785,189.507,181.094,174.253,153.158,192.053,172.059,163.715,170.903,156.63,200.301,175.553,177.44,171.385,162.153,164.881,184.753,163.893,175.255,151.501,174.473,190.044,203.318,153.589,153.989,187.782,187.745,189.214,177.507
114,173.581,189.351,181.557,174.612,153.065,192.821,171.567,163.451,170.711,156.557,199.439,175.784,177.894,172.359,162.59,164.838,184.724,163.726,175.563,150.832,174.11,189.582,203.23,153.739,154.487,187.9,187.93,189.009,177.07
115,173.428,189.231,182.159,174.899,152.969,193.477,171.517,163.211,170.679,156.431,198.666,175.885,178.377,172.936,163.15,164.614,184.69,163.884,175.86,150.252,173.937,189.041,203.145,153.631,155.131,188.111,188.416,188.487,176.686
116,173.238,189.033,182.601,175.139,152.666,193.715,171.547,163.177,170.833,156.378,198.261,176.04,178.818,173.283,163.707,164.231,184.08,164.041,176.355,149.785,173.937,188.065,203.323,153.685,155.643,188.476,188.445,187.671,176.389
117,173.153,188.694,183.09,175.189,152.398,193.928,171.581,162.95,171.08,156.566,198.301,176.33,178.918,174.002,164.173,163.689,183.852,164.219,176.731,149.368,174.071,187.096,203.257,153.746,155.949,189.251,188.535,187.06,176.254
118,173.056,188.373,183.283,175.459,152.261,193.959,171.542,162.707,171.567,156.853,198.314,176.577,179.113,174.601,164.506,163.238,183.874,164.449,177.213,148.989,174.245,186.161,202.757,153.572,156.156,190.052,188.422,186.397,176.006
119,172.995,187.998,182.658,175.959,151.91,194.036,171.662,162.436,171.785,157.294,198.24,176.787,179.275,175.008,164.693,163.048,184.361,165.068,177.669,148.735,174.518,185.221,202.21,153.483,156.284,191.132,188.758,185.843,175.647
120,172.918,187.779,181.981,176.691,151.526,194.144,172.029,162.563,171.933,157.82,198.055,177.2,179.444,175.12,164.857,162.934,184.942,165.719,177.938,148.426,175.392,184.36,201.495,153.984,156.178,192.136,188.87,185.503,175.349
121,172.763,187.271,181.275,177.494,151.07,194.645,172.307,162.296,172.288,158.442,198.01,177.762,179.796,175.06,165.184,162.609,185.018,166.432,178.214,148.084,176.168,183.907,200.907,154.851,156.06,193.395,188.825,185.411,175.419
122,172.91,187.065,180.645,178.103,150.716,194.844,172.685,162.625,172.532,158.986,198.291,178.436,179.656,175.088,165.487,162.453,184.767,166.893,178.417,147.757,176.675,183.472,200.319,155.758,156.209,194.77,188.944,185.635,175.56
123,173.186,187.041,179.8,178.608,150.316,194.814,173.091,162.916,172.724,159.422,198.596,178.999,179.378,175.14,165.614,162.656,184.927,167.658,178.378,147.58,176.949,183.063,200.007,156.403,156.604,195.595,189.447,186.137,175.772
124,173.43,187.311,178.708,178.995,149.98,194.721,173.458,163.188,173.072,159.788,198.923,179.432,179.209,174.82,165.457,163.026,185.156,168.161,178.56,147.449,177.366,182.83,199.792,157.288,157.09,196.293,189.881,186.322,176.28
125,173.591,187.422,177.113,179.133,149.643,194.583,174.035,163.656,173.528,160.248,199.264,180.029,178.811,175.308,165.299,163.668,185.505,167.901,178.726,147.424,177.167,182.716,199.691,158,157.782,196.942,190.24,186.496,176.9
126,173.892,187.304,175.833,179.231,149.286,194.466,174.507,163.817,173.963,160.602,199.46,180.567,178.685,176.218,165.202,164.342,185.607,167.532,178.696,147.133,176.913,182.299,199.377,158.849,158.511,197.519,191.067,187.204,177.208
127,174.03,187.194,175.594,179.414,148.914,194.212,174.905,163.935,174.16,160.855,199.254,181.088,178.526,177.042,165.368,164.989,185.347,167.251,178.301,146.788,176.335,181.613,199.019,159.455,159.408,197.937,192.021,187.884,177.145
128,174.075,187.289,175.418,179.828,148.515,193.963,175.259,163.883,174.2,161.098,198.949,181.519,178.329,177.75,165.719,165.456,185.104,166.893,178.024,146.436,176.035,180.934,198.945,159.666,160.12,197.707,193.327,188.318,177.059
129,174.113,187.804,175.363,180.248,148.151,193.689,175.689,163.708,174.495,161.505,198.743,181.916,178.546,179.135,166.061,165.429,185.052,166.471,177.687,146.187,175.451,180.343,198.819,159.743,160.654,197.248,194.3,188.32,176.955
130,174.107,188.347,176.339,180.586,147.719,193.218,175.873,163.177,174.827,161.878,198.611,182.34,179.316,180.262,166.485,165.137,185.351,166.222,177.498,146.059,174.685,179.314,198.905,159.746,160.832,197.009,194.841,188.005,176.503
131,173.972,188.668,178.141,181.001,147.536,192.809,175.948,162.738,174.903,162.295,198.677,182.587,180.152,181.312,166.931,165.376,185.201,166.083,177.26,145.853,173.96,178.247,198.872,160.143,160.732,196.844,195.014,187.604,175.892
132,173.768,189.06,179.263,181.194,147.232,192.652,176.173,162.626,174.907,162.822,198.815,182.582,180.977,182.479,167.261,165.579,184.625,165.672,177.096,145.882,173.79,177.227,198.537,161.014,160.455,196.441,195.242,187.034,175.578
133,173.516,189.112,179.251,180.993,147.062,192.615,176.241,162.457,174.644,163.262,199.022,182.793,181.648,183.274,167.583,165.644,183.884,165.823,176.856,145.906,173.97,176.227,198.132,161.909,160.054,196.114,195.296,186.022,175.627
134,173.37,188.837,178.846,180.474,146.952,192.791,176.139,162.194,174.366,163.584,199.315,183.295,181.893,183.815,167.797,165.421,183.204,165.88,176.758,146.061,174.118,175.526,197.807,162.506,159.589,195.854,195.24,184.817,176.135
135,173.096,188.639,178.687,179.775,146.837,193.286,175.984,161.96,174.144,163.733,199.51,183.6,182.023,183.964,168.005,165.215,182.851,166.095,176.92,146.168,174.409,174.925,197.384,163.087,159.276,195.396,194.825,183.744,176.786
136,173.074,188.51,179.574,179.16,146.643,193.415,175.77,161.651,173.993,163.964,199.671,183.896,182.372,184.309,168.376,165.021,182.336,166.395,177.022,146.188,174.961,174.29,196.837,163.798,159.231,195.049,194.414,182.692,177.461
137,173.059,188.41,179.999,178.647,146.475,193.151,175.652,161.785,174.315,164.178,199.915,184.303,183.064,184.835,168.682,165.033,182.11,166.835,177.448,146.275,175.87,173.941,196.383,164.373,159.243,195.02,194.554,181.885,177.774
138,173.074,188.416,179.655,178.081,146.457,193,175.657,162.448,174.563,164.141,199.812,184.618,183.781,185.507,169.03,165.032,182.099,167.037,178.072,146.472,176.956,174.263,195.966,164.77,159.511,195.314,194.587,181.469,178.278
139,172.996,188.549,179.587,177.74,146.626,192.768,175.451,163.494,174.854,164.372,199.687,184.964,183.99,186.242,169.304,165.079,181.864,166.916,178.738,146.838,177.803,174.953,195.443,165.192,159.67,195.835,194.616,181.053,178.421
140,173.073,188.746,179.649,177.757,146.51,192.091,175.421,164.218,175.188,164.414,199.339,185.242,183.876,187.12,169.814,165.282,181.77,166.561,179.24,147.014,178.261,175.287,194.646,165.573,159.759,196.384,194.534,180.821,178.487
141,173.343,188.586,179.861,177.821,146.313,191.494,175.602,165.027,175.556,164.398,198.998,185.693,183.442,188.466,170.318,165.345,181.39,166.295,179.678,146.91,178.826,175.409,193.975,165.958,160.027,196.667,194.618,181.083,178.208
142,173.526,188.368,179.878,178.014,146.251,191.152,175.992,166.092,175.784,164.502,198.808,186.16,183.117,189.568,170.749,165.017,180.91,166.502,180.102,146.895,179.378,175.189,193.282,166.198,160.512,197.007,194.356,181.404,177.72
143,173.658,187.857,180.1,178.234,146.142,190.925,176.57,167.073,175.973,164.524,198.707,186.445,182.645,190.203,171.299,164.909,180.732,166.343,180.627,147.082,180.221,174.841,192.781,166.34,161.179,197.48,194.154,181.429,177.135
144,173.902,187.477,181.022,178.45,146.046,190.831,177.199,167.4,176.368,164.669,198.728,186.945,182.518,190.48,171.734,164.73,180.64,166.217,181.01,147.108,180.693,174.304,192.531,166.251,161.31,197.979,193.871,181.235,176.625
145,174.211,186.773,181.504,179.076,146.064,190.584,177.978,168.053,176.544,164.972,198.667,187.908,182.491,190.592,172.3,164.577,180.824,165.772,181.389,146.873,180.976,173.582,192.191,165.863,161.564,198.487,193.959,180.789,176.289
146,174.408,185.838,181.535,179.71,146.283,190.244,178.606,168.328,176.376,165.334,198.703,188.861,182.379,190.13,172.764,164.144,181.092,165.464,181.457,146.645,181.115,172.7,191.801,165.513,161.613,199.163,194.229,180.126,176.079
147,174.603,185.327,181.558,180.008,146.594,189.728,179.098,167.929,176.616,165.799,198.792,189.761,182.295,189.75,173.342,163.577,181.185,165.384,181.54,146.61,180.82,172.078,191.66,165.068,161.84,199.411,194.167,179.783,175.618
148,174.852,184.952,180.953,179.989,146.982,189.36,179.588,167.764,176.684,166.413,198.778,190.525,182.044,189.679,173.989,163.282,180.85,165.539,181.903,146.487,180.052,171.559,191.565,164.67,162.026,199.752,193.891,179.794,175.186
149,175.035,184.83,180.35,179.885,147.364,188.939,179.94,167.765,176.938,166.993,198.699,191.07,182.133,189.981,174.541,162.938,180.825,165.783,182.266,146.41,179.125,171.139,191.385,164.441,162.062,199.846,193.783,179.616,174.623
150,175.295,184.969,180.393,179.483,147.526,188.411,180.123,168.168,177.291,167.673,198.531,191.475,182.746,189.939,175.128,162.753,180.841,166.099,182.714,146.513,178.215,170.397,191.408,164.359,162.108,199.92,193.639,179.117,174.119
151,175.419,185.302,180.145,178.919,147.507,188.119,180.466,168.603,177.69,168.381,198.4,191.516,183.883,190.486,175.412,162.672,181.091,166.371,183.049,146.889,177.861,169.968,191.392,164.758,162.185,200.012,193.738,178.122,173.532
152,175.368,185.749,180.087,178.266,147.629,187.679,180.668,169.278,177.843,169.177,198.263,191.416,185.24,191.206,175.614,162.675,181.604,166.525,183.341,147.286,177.962,170.013,191.018,165.643,162.119,200.283,193.989,176.976,173.135
153,175.315,186.215,179.523,177.49,147.759,187.47,180.925,170.189,178.137,169.786,198.055,191.267,186.601,192.08,175.704,162.714,181.91,166.682,183.473,147.571,178.269,169.873,190.792,166.546,161.864,200.62,194.42,175.995,172.867
154,175.282,186.829,179.684,176.541,148.103,187.89,180.962,170.868,177.957,170.278,197.877,191.118,187.6,192.638,175.648,162.815,182.286,166.62,183.348,147.707,178.913,169.683,190.686,167.451,161.921,200.759,195.174,175.239,172.758
155,175.352,187.437,180.352,175.806,148.29,188.362,180.898,171.697,177.826,170.807,197.699,190.713,188.284,193.206,175.244,162.819,182.675,166.562,183.263,147.968,179.246,169.626,190.394,168.481,162.345,200.816,195.43,174.489,172.697
156,175.566,187.234,180.63,175.099,148.6,188.667,180.825,172.68,178.052,171.176,197.74,190.405,189.399,194.464,174.785,162.631,183.131,166.53,183.042,148.287,179.557,169.617,189.767,169.141,163.073,200.909,195.803,174.108,172.64
157,175.705,186.851,180.559,174.465,148.727,188.93,180.617,173.48,178.359,171.44,198.185,190.343,190.198,195.846,174.433,162.512,183.486,166.519,182.826,148.753,179.776,169.929,188.947,169.625,163.968,201.104,195.973,173.896,172.597
158,175.833,186.565,180.533,174.023,148.665,189.241,180.454,174.723,178.556,171.388,198.567,190.569,190.958,196.498,174.318,162.436,183.634,166.631,182.768,148.973,180.22,170.326,188.2,169.679,165.004,201.105,196.113,173.972,172.804
159,176.021,185.841,180.397,173.877,148.801,189.316,180.355,175.838,178.592,171.082,198.649,190.934,191.81,197.036,174.482,162.372,183.735,166.578,182.786,149.222,180.696,170.282,187.436,169.785,165.848,201.182,196.304,174.43,172.98
160,176.186,185.254,180.55,173.87,149.014,189.674,180.382,176.333,178.733,170.641,198.514,191.11,193.067,197.19,174.685,162.449,183.752,166.688,182.87,149.546,181.244,169.841,186.451,169.881,166.816,201.593,196.672,174.652,172.944
161,176.316,184.365,180.895,174.05,149.047,189.846,180.526,176.954,178.75,170.406,198.359,191.407,194.408,197.592,174.831,162.881,183.56,166.753,183.033,149.697,182.054,169.599,185.633,169.961,167.507,202.464,197.01,175.043,172.843
162,176.431,183.587,181.172,174.303,149.02,189.684,180.655,177.501,178.952,170.374,198.324,191.584,195.974,198.246,174.901,163.139,183.418,166.957,183.338,149.895,182.63,169.305,184.836,170.093,167.966,202.99,197.428,175.35,172.813
163,176.494,182.93,181.768,174.578,149.103,189.484,180.87,177.998,179.095,170.243,198.484,191.514,197.54,198.732,174.969,163.107,183.444,167.477,183.764,150.119,183.278,169.246,184.181,169.857,168.521,203.014,197.714,175.643,172.838
164,176.476,182.635,182.345,175.029,149.222,189.253,180.966,177.684,179.188,170.145,198.428,191.336,199.358,199.378,175.098,163.089,183.617,168.044,184.104,150.208,183.401,169.179,183.556,169.346,169.136,202.938,198.025,176.247,172.766
165,176.517,182.315,182.434,175.73,149.353,189.166,181.177,176.987,179.4,170.253,198.385,191.242,201.323,200.481,175.369,163.53,183.535,168.539,184.457,150.244,183.255,169.182,183.078,168.529,169.603,202.763,198.504,176.637,172.742
166,176.435,182.071,182.165,175.958,149.769,189.233,181.256,176.218,179.625,170.43,198.177,191.501,203.395,201.323,175.79,164.019,183.382,168.738,184.801,150.214,182.897,169.211,182.64,167.695,169.833,202.587,198.845,176.973,172.319
167,176.395,182.046,182.178,175.946,150.133,189.217,181.339,175.546,179.593,170.6,198.228,192.075,205.428,202.297,176.433,164.288,183.278,168.657,185.135,150.526,182.813,169.388,182.364,166.951,170.146,202.391,199.048,176.616,171.888
168,176.524,182.25,182.279,175.827,150.408,189.019,181.472,175.184,179.281,170.775,198.215,192.153,207.001,202.577,177.165,164.414,183.641,168.564,185.477,151.113,182.977,169.581,182.276,166.627,170.441,202.526,199.536,176.153,171.497
169,176.654,182.461,181.717,175.572,150.389,188.635,181.596,174.881,179.277,171.034,197.867,192.275,208.421,203.178,177.784,164.811,183.957,168.79,185.561,151.503,183.308,170.065,182.516,166.779,170.741,202.992,200.11,175.329,171.01
170,176.671,182.373,180.905,175.39,150.432,188.479,181.563,174.696,179.26,171.294,197.525,192.325,209.989,204.188,178.363,165.187,184.334,168.76,185.686,151.938,183.622,170.509,182.942,166.897,170.905,203.63,200.208,174.188,170.496
171,176.733,182.234,180.497,175.174,150.366,188.293,181.473,174.225,179.418,171.245,197.227,192.569,211.646,204.753,178.783,165.594,184.56,169.174,185.541,152.305,183.67,170.749,183.448,167.073,171.033,204.461,200.168,172.835,170.231
172,177.086,182.065,180.299,174.829,149.983,187.693,181.542,173.529,179.509,170.975,197.179,192.707,213.195,205.185,178.974,166.092,184.517,169.837,185.514,152.63,183.638,171.098,183.607,167.589,171.272,205.409,200.194,171.44,169.837
173,177.47,182.143,179.966,174.328,149.957,187.436,181.706,173.009,179.625,170.63,197.233,193.237,214.897,205.925,179.073,166.384,184.587,170.549,185.461,153.057,183.526,171.409,183.423,167.946,171.581,206.172,200.045,170.45,169.66
174,177.613,182.466,179.768,173.933,149.762,187.609,181.967,172.686,179.75,170.406,197.367,193.87,216.868,206.705,179.098,166.654,184.732,170.578,185.443,153.522,183.501,171.93,183.333,168.227,171.801,206.596,199.758,169.924,169.845
175,177.762,182.515,179.527,173.882,149.413,187.507,182.083,172.896,180.229,170.28,197.344,194.757,219.079,207.056,179.234,166.965,184.808,170.333,185.304,153.966,183.858,172.515,182.925,168.73,171.471,206.868,199.701,169.379,170.161
176,177.806,182.662,179.041,173.756,149.113,187.146,182.355,173.506,180.862,169.882,197.176,195.4,221.564,206.816,179.503,167.233,185.194,170.03,185.014,154.165,184.679,173.018,182.681,169.223,171.152,206.997,200.167,168.842,170.615
177,177.688,182.998,178.537,173.86,148.776,186.821,182.454,174.114,181.612,169.645,196.999,195.883,224.041,206.157,179.781,167.285,185.569,169.998,184.95,154.374,185.46,173.487,182.25,169.778,170.525,206.876,200.959,168.642,171.063
178,177.837,183.49,178.389,173.69,148.571,186.427,182.441,174.732,181.978,169.747,197.025,196.486,226.782,205.998,179.997,166.961,185.827,169.734,185.105,154.527,186.487,174.052,181.892,170.233,170.005,206.605,201.386,168.409,171.459
179,178.208,183.688,179.357,173.57,148.188,186.293,182.376,175.689,182.053,169.803,197.283,197.133,229.622,206.179,180.317,166.416,185.112,169.704,185.425,154.518,187.472,174.111,181.571,170.612,169.746,205.847,201.681,168.439,171.773
180,178.539,183.435,179.55,173.577,148,186.208,182.254,176,181.533,169.765,197.241,197.511,232.697,206.497,180.428,165.917,183.938,169.562,185.632,154.584,188.213,173.844,181.294,170.948,169.793,205.072,201.682,168.174,171.925
181,178.759,183.289,179.231,173.437,147.997,186.17,182.253,176.17,180.744,169.998,197.099,197.474,235.729,207.234,180.391,165.451,182.967,168.99,185.842,154.518,188.739,173.368,181.216,171.174,169.999,204.205,201.693,167.799,171.854
182,178.908,183.455,179.268,173.399,148.185,185.968,182.344,175.749,180.085,170.139,196.942,197.223,238.48,207.87,180.242,164.798,182.224,168.732,186.264,154.45,189.366,172.765,181.158,171.399,170.234,203.581,201.879,167.206,171.691
183,179.034,183.54,179.671,173.418,148.511,185.945,182.235,174.933,179.529,170.295,196.855,196.836,241.037,209.077,179.967,164.192,181.526,168.849,186.776,154.397,190.21,172.721,181.262,171.681,170.468,203.482,201.976,166.964,171.618
184,179.023,183.779,180.01,173.5,148.581,185.991,182.161,174.287,178.85,170.538,196.516,196.472,242.953,209.278,179.713,163.784,180.7,168.969,187.286,154.319,190.661,173.077,181.447,171.698,170.979,203.575,202.05,166.688,171.297
185,178.958,183.582,180.391,173.594,148.589,186.266,182.129,173.825,178.304,170.811,196.267,196.648,244.675,210.258,179.483,163.57,179.738,169.451,188.081,154.413,191.085,173.5,181.497,171.31,171.12,203.535,202.039,166.64,170.828
186,178.945,183.152,180.431,173.735,148.535,186.601,182.108,173.564,178.01,170.964,195.92,197.22,246.571,211.184,179.24,163.531,179.227,169.523,188.835,154.567,191.209,173.999,181.137,170.834,171.236,203.582,202.163,166.936,170.164
187,178.963,183.17,180.424,173.712,148.452,186.998,181.863,173.157,177.832,170.942,195.609,197.945,248.27,211.822,179.432,163.409,178.851,169.552,189.461,154.797,191.094,174.67,180.968,170.365,171.327,203.856,202.119,167.143,169.604
188,179.01,183.214,180.519,173.228,148.333,187.041,181.618,173.003,177.428,170.75,195.224,198.426,249.903,212.146,179.85,163.426,179.028,169.864,190.028,154.891,190.721,174.901,181.185,170.17,171.455,204.403,202.421,167.25,169.351
189,179.249,183.188,180.501,172.828,148.255,186.744,181.538,172.899,177.45,170.644,194.993,198.64,251.087,212.847,180.334,163.959,179.601,170.081,190.363,154.803,189.99,174.463,181.283,170.51,171.601,204.932,202.553,167.236,169.4
190,179.393,183.103,181.054,172.567,148.453,186.712,181.217,172.638,178.016,170.541,194.626,198.667,252.08,213.575,180.92,164.084,180.004,169.728,190.499,154.642,188.958,174.393,181.362,171.121,171.771,205.62,202.833,167.011,169.505
191,179.589,183.015,182.118,172.365,148.7,186.344,180.861,172.446,178.614,170.446,194.388,198.345,253.065,214.077,181.507,164.157,180.107,169.294,190.575,154.761,187.932,174.68,181.215,171.451,172.075,206.216,203.321,166.966,169.78
192,179.723,183.042,182.431,172.127,148.924,185.388,180.694,172.681,178.881,170.568,194.336,198.079,254.102,214.052,182.161,164.375,180.5,168.964,190.416,154.671,187.198,174.762,180.858,171.804,172.515,206.593,203.833,167.174,170.198
193,179.648,182.941,182.041,171.928,149.043,184.689,180.307,172.99,179.048,170.803,194.191,197.944,255.021,213.624,182.531,164.912,180.793,168.492,190.243,154.451,186.437,174.677,180.821,172.248,172.866,206.782,204.087,167.268,170.467
194,179.451,182.882,181.95,172.001,148.99,184.218,180.104,173.46,179.272,171.026,193.899,197.555,255.43,213.075,182.678,165.242,181.314,167.974,190.317,154.236,186.086,174.719,180.683,172.394,173.376,206.645,204.023,167.501,170.515
195,179.337,182.429,181.667,171.986,148.992,183.659,180.039,173.925,179.042,171.27,193.626,196.849,255.233,212.256,182.875,165.495,181.676,168.228,190.421,154.122,186.006,174.799,180.123,172.779,173.8,206.204,203.995,167.81,170.749
196,179.351,182.107,180.983,171.975,148.902,183.378,180.148,174.389,178.737,171.521,193.325,196.404,254.955,211.737,183.097,165.604,181.879,168.47,190.427,153.809,186.055,175.112,179.673,173.184,174.164,205.782,203.926,167.584,170.909
197,179.348,181.854,180.15,172.034,148.983,182.768,180.358,174.774,178.558,171.675,192.868,196.375,254.554,211.326,182.946,165.639,181.99,168.232,190.496,153.556,186.08,175.482,179.343,173.708,174.318,205.728,204.171,167.213,170.802
198,179.368,181.63,179.111,172.198,149.139,182.024,180.477,175.042,178.106,172.087,192.434,196.989,253.972,210.996,182.633,165.834,182.157,168.136,190.349,153.414,186.071,175.536,178.986,174.195,174.357,205.77,204.142,167.154,171.18
199,179.459,181.463,178.501,172.47,149.125,181.835,180.711,175.613,177.488,172.402,192.112,197.403,253.261,210.527,182.411,166.022,182.428,168.283,190.123,153.472,185.935,175.829,178.349,174.277,174.319,205.57,204.071,167.201,171.594
200,179.398,181.094,178.329,172.67,148.976,181.8,180.889,175.71,177.023,172.434,191.761,197.808,252.605,210.274,182.258,166.128,183.142,168.399,189.67,153.526,185.817,175.862,177.771,174.141,174.157,205.787,204.023,166.919,171.749
201,179.327,180.834,178.569,173.109,148.845,181.692,181.019,175.388,176.578,172.268,191.672,198.246,251.821,210.585,181.919,165.927,183.532,168.429,189.323,153.475,185.579,176.078,177.25,174.011,173.761,206.279,203.804,166.837,171.882
202,179.088,180.44,178.814,173.664,148.601,181.523,181.273,175.053,176.553,172.147,191.6,198.713,251.028,210.98,181.371,165.847,183.495,168.675,188.873,153.52,185.197,176.023,176.992,173.615,173.435,207.145,203.717,166.476,172.227
203,178.968,180.264,179.224,174.037,148.437,181.418,181.559,174.63,176.658,172.161,191.554,199.039,250.104,211.229,180.857,165.543,183.695,169.738,188.625,153.362,184.713,176.134,176.776,173.376,173.04,208.33,203.533,166.052,172.445
204,178.761,180.283,179.747,174.207,148.215,181.352,181.678,173.958,176.766,171.998,191.491,199.003,248.96,211.86,180.746,165.353,183.739,170.966,188.598,153.123,184.196,176.189,177.032,173.316,172.938,209.616,203.7,165.547,172.688
205,178.491,180.664,179.477,174.127,148,181.312,181.554,173.346,177.059,171.867,191.337,199.085,247.85,212.053,180.753,165.418,183.359,171.836,188.709,152.92,183.567,176.138,177.249,173.59,172.914,210.701,203.912,165.011,173.153
206,178.052,181.07,178.699,173.937,147.706,181.481,181.579,172.757,177.4,172.053,191.336,199.187,246.868,212.167,180.972,165.241,183.094,172.435,188.944,152.99,182.602,176.032,177.73,173.805,172.928,211.491,204.217,164.782,173.661
207,177.722,181.439,177.937,173.791,147.471,181.789,181.359,172.306,177.937,172.144,191.185,199.459,245.747,212.118,181.077,164.838,182.611,172.702,189.292,153.213,181.838,175.972,178.271,174.012,172.763,211.996,204.511,164.65,173.907
208,177.499,181.573,176.991,173.46,147.277,182.01,181.212,172.142,178.462,172.002,191.237,200.022,244.385,211.872,181.201,164.282,182.266,172.829,189.644,153.073,181.526,175.445,178.644,174.093,172.909,212.026,204.449,164.478,174.011
209,177.336,181.608,176.784,173.328,147.332,181.892,181.157,172.253,179.126,172.016,191.037,200.187,242.562,212.202,181.2,163.554,182.221,173.133,190.032,152.929,181.458,175.094,178.842,174.243,173.101,211.955,204.551,164.399,173.861
210,177.264,181.464,176.207,173.187,147.462,181.762,181.16,172.663,179.489,172.41,190.753,200.192,240.405,212.221,180.888,163.042,182.605,172.952,190.379,152.974,181.156,175.225,178.769,174.689,173.189,211.78,204.947,164.642,173.547
211,177.352,181.406,175.662,173.191,147.627,181.748,181.158,172.888,179.512,172.5,190.681,200.237,238.11,212.033,180.74,162.695,183,172.444,190.646,152.919,180.905,175.107,178.551,175.391,172.869,211.704,205.427,164.895,173.295
212,177.241,181.575,174.881,173.294,147.842,181.38,181.098,172.255,179.278,172.397,190.67,200.301,235.539,211.129,180.972,162.176,183.617,172.281,190.965,152.523,181.081,174.968,178.361,176.001,172.769,211.34,205.579,165.263,173.107
213,177.002,181.487,174.712,173.487,147.921,180.578,180.974,172.216,179.124,171.937,190.604,200.147,233.154,209.985,181.265,162.276,183.835,172.368,191.346,152.186,181.087,175.061,178.165,176.559,172.913,210.73,205.181,165.742,172.792
214,176.649,181.315,174.269,173.618,147.855,179.507,180.909,172.166,178.76,171.554,190.133,200.106,230.886,208.318,181.709,162.426,183.671,172.353,191.896,151.783,181.057,175.41,177.971,177.099,173.283,210.161,204.382,166.411,172.047
215,176.416,181.092,173.212,173.632,147.439,178.681,180.692,171.799,178.491,171.353,189.659,199.57,228.571,206.865,182.001,162.139,183.486,172.555,192.254,151.406,181.299,175.666,178.029,177.603,173.408,210.141,203.836,166.733,171
216,176.402,181.148,172.575,173.648,147.07,178.366,180.693,171.309,178.07,170.745,189.438,199.102,226.059,205.836,182.197,161.63,183.275,172.725,192.307,151.073,181.747,175.836,177.809,178.294,173.43,210.566,203.545,166.528,169.853
217,176.515,181.094,172.496,173.634,147.006,178.127,180.833,170.599,177.841,170.286,189.003,198.879,223.529,204.949,182.422,161.481,183.152,172.727,192.306,150.667,182.402,176.116,177.917,178.934,173.419,211.112,203.618,166.211,168.799
218,176.477,180.838,173.146,173.753,147.141,177.595,180.845,170.013,177.766,170.118,188.8,198.836,220.48,204.446,182.626,161.535,183.135,173.233,192.176,150.203,182.531,176.271,178.133,179.305,173.523,211.419,203.801,165.778,168.256
219,176.341,180.436,173.892,174.122,147.35,176.996,180.586,169.32,177.572,169.904,188.614,198.737,217.005,204.312,182.655,161.523,183.564,174.125,191.971,149.975,182.439,176.351,178.031,179.45,173.995,211.637,204.183,165.069,168.097
220,176.095,180.177,175.196,174.761,147.511,176.806,180.334,168.726,177.362,169.642,188.222,198.636,213.421,203.861,182.477,161.178,183.842,174.85,191.983,149.91,182.262,176.43,178.362,179.208,174.445,211.878,204.299,164.489,168.019
221,175.786,179.94,176.692,175.487,147.648,176.458,180.085,168.242,176.864,169.471,187.87,198.428,210.046,203.487,182.335,161.409,183.981,175.488,192.02,149.778,181.973,176.686,178.938,179.195,174.781,212.14,204.508,163.864,167.756
222,175.541,179.781,177.622,176.055,147.587,176.18,179.895,167.974,176.445,169.548,187.408,198.285,206.688,203.389,182.031,161.978,184.139,176.544,191.883,149.803,181.711,176.652,179.346,179.344,174.956,212.393,204.706,163.303,167.572
223,175.326,180.092,178.261,176.581,147.211,175.813,179.727,167.567,176.031,169.892,186.722,197.908,203.362,203.25,181.699,162.27,184.011,177.491,192.02,149.838,181.161,176.677,180.196,179.62,174.89,212.805,205.124,163.254,167.451
224,174.987,180.439,178.118,176.839,146.765,175.725,179.588,167.389,175.974,170.115,186.276,197.75,200.089,203.595,181.16,162.39,184.019,177.703,192.328,149.912,181.088,176.302,180.823,179.83,175.355,213.317,205.655,163.384,167.237
225,174.661,180.965,177.661,177.006,146.23,175.638,179.502,167.207,175.857,170.581,185.973,198.129,196.833,204.128,180.532,162.357,183.982,177.566,192.75,150.144,180.861,175.838,181.325,180.354,175.692,213.606,206.396,163.648,166.693
226,174.367,181.352,176.694,177.189,145.952,175.617,179.522,166.931,175.738,171.127,185.638,198.854,193.777,204.561,180.037,161.843,184.436,177.058,193.588,150.39,180.458,175.623,181.503,181.064,175.563,213.464,207.023,164.155,166.12
227,173.998,181.599,176.054,177.152,145.993,175.728,179.526,166.941,175.952,171.483,185.564,199.6,190.867,204.466,179.777,161.324,185.423,176.296,194.419,150.419,180.011,175.412,181.838,181.695,175.768,213.292,207.632,164.764,165.931
228,173.725,182.009,176.066,177.07,146.056,175.862,179.465,166.865,176.445,171.956,185.708,200.526,188.11,203.999,180.023,161.182,186.258,175.591,195.149,150.395,180.279,174.936,181.887,182.465,176.274,213.035,208.417,165.337,165.862
229,173.683,182.077,176.274,177.077,146.242,176.044,179.554,166.929,176.478,172.27,185.601,201.147,185.516,203.394,180.513,161.31,187.086,174.646,196.021,150.219,180.699,174.579,182.001,183.145,176.796,212.662,209.489,165.672,165.804
230,173.558,182.108,176.197,177.139,146.418,176.18,179.828,167.056,176.367,172.35,185.27,201.711,183.139,203.197,180.923,161.251,187.771,173.753,196.826,150.025,181.032,174.421,181.861,183.457,176.767,212.179,210.225,165.868,165.832
231,173.541,182.03,176.442,176.942,146.585,175.604,180.151,167.066,176.385,172.376,184.566,201.951,180.901,202.948,181.439,160.867,188.191,172.863,197.625,149.782,181.328,174.372,181.766,183.811,176.868,211.955,210.709,165.687,165.977
232,173.429,181.97,177.087,176.995,146.666,175.275,180.406,167.019,176.533,172.218,183.766,201.966,178.948,201.886,182.032,160.243,188.429,172.618,198.016,149.192,181.728,174.452,181.76,183.951,177.006,211.855,211.224,165.369,166.278
233,173.322,181.476,177.427,177.597,146.821,174.989,180.608,166.791,176.592,172.224,183.209,202.082,176.77,200.632,182.608,159.522,188.675,172.647,198.307,148.763,182.337,174.274,181.686,184.086,176.876,211.767,211.671,165.067,166.699
234,172.921,181.039,177.795,178.32,146.865,174.933,180.874,166.8,176.289,172.055,182.665,202.009,174.709,199.261,183.032,159.51,188.59,172.537,198.39,148.653,182.743,174.058,181.689,184.465,176.823,211.726,211.745,165.036,166.943
235,172.466,180.795,177.86,179.167,146.657,174.859,180.984,166.654,175.679,171.997,182.382,202.088,173.021,198.362,183.208,159.668,188.302,172.781,198.566,148.55,183.003,173.954,181.774,184.773,176.673,211.794,211.531,164.874,167.462
236,171.917,180.817,178.166,179.873,146.575,174.717,180.85,166.264,175.006,172.062,182.264,201.911,171.432,197.529,183.266,160.042,188.174,172.992,198.645,148.339,183.665,174.363,181.835,184.621,176.269,212.347,211.124,164.621,168.28
237,171.35,180.713,178.123,180.654,146.854,174.673,180.603,166.315,174.223,172.264,182.159,201.758,169.551,196.494,183.134,160.607,187.959,173.527,198.95,148.17,184.527,174.957,182.188,184.584,175.785,212.989,210.775,164.291,168.821
238,170.772,180.943,177.642,181.154,147.137,174.468,180.317,166.421,173.431,172.301,182.221,201.569,167.684,195.559,182.952,161.007,187.371,174.015,199.173,148.103,185.212,175.605,182.393,184.745,175.267,213.558,210.481,164.439,169.226
239,170.284,180.984,176.896,181.695,147.194,174.197,180.315,166.495,172.971,172.446,182.353,201.346,166.008,194.956,182.824,160.869,186.937,174.022,199.183,148.326,185.552,176.112,182.324,185.395,175.095,213.913,210.545,164.494,169.47
240,169.835,180.923,175.607,182.358,147.119,173.955,180.411,166.262,172.687,172.464,182.707,201.137,164.095,194.735,182.449,160.672,186.511,174.137,199.104,148.476,186.199,176.68,182.337,186.573,175.065,214.242,210.958,164.743,169.826
241,169.781,181.032,174.737,183.067,146.961,173.609,180.591,166.154,172.543,172.573,183.132,200.806,162.242,194.668,182.128,160.232,186.346,173.893,199.211,148.489,186.582,176.964,182.359,187.431,175.51,214.561,211.477,165.036,170.257
242,169.454,181.063,174.651,183.85,146.671,172.98,180.885,166.387,172.639,172.241,183.473,200.402,160.479,195.182,182.044,159.438,186.438,173.649,199.326,148.85,187.212,177.038,182.264,188.338,175.697,214.621,211.86,165.367,170.473
243,169.062,180.81,175.392,184.524,146.162,172.656,181.114,166.508,172.652,172.195,183.685,200.035,158.818,195.392,182.061,158.928,186.602,173.028,199.274,149.232,187.784,176.942,182.344,189.151,175.708,214.674,212.725,165.833,170.416
244,168.796,180.799,176.366,184.882,145.983,172.275,181.16,166.677,172.698,172.399,183.778,199.699,156.869,195.305,182.134,158.81,186.742,172.305,199.213,149.298,188.548,176.326,182.508,189.604,175.671,214.825,213.82,166.484,170.184
245,168.782,180.749,177.392,185.03,146.069,172.05,181.024,167.031,172.966,172.884,183.709,199.428,155.087,195.331,182.447,158.893,186.653,171.79,199.267,149.186,189.219,175.85,183.051,189.665,175.564,214.982,214.913,166.928,170.012
246,169.006,180.553,177.675,185.27,146.451,171.893,180.847,167.191,173.314,173.562,183.559,199.421,153.616,195.15,183.086,158.732,186.953,171.41,199.071,148.982,189.474,175.696,183.539,189.481,175.619,215.054,215.692,167.043,170.293
247,168.975,180.194,177.687,185.601,147.02,171.894,180.845,167.215,173.567,174.124,183.458,199.672,152.055,195.245,183.667,158.85,187.657,171.282,199.151,148.664,189.735,175.145,184.089,189.422,175.873,215.138,216.137,167.081,170.531
248,168.852,180.199,178.015,185.839,147.572,172.247,180.935,166.865,173.694,174.57,183.35,199.939,150.876,194.868,184.23,159.17,188.265,171.212,199.042,148.12,189.744,174.351,184.299,188.974,176.178,215.086,216.565,167.241,170.58
249,168.677,180.239,177.953,185.967,147.603,172.502,181.205,166.714,173.882,174.679,183.195,200.311,150.037,194.627,184.352,159.444,189.301,170.98,199.397,147.563,189.352,173.929,184.156,188.513,175.826,214.936,216.774,167.569,170.676
250,168.552,180.205,177.815,186.406,147.796,172.6,181.48,166.743,174.247,174.657,182.894,200.553,149.81,194.239,184.686,159.586,190.052,170.736,199.806,147.293,189.333,173.421,183.937,188.383,175.351,214.768,216.746,167.729,171.039
251,168.233,179.905,177.592,186.808,147.972,172.846,181.647,167.041,174.266,174.823,182.589,200.812,149.272,194.023,184.906,159.318,190.724,171.019,200.639,147.16,189.4,173.109,183.584,188.382,175.062,214.599,216.813,167.497,172
252,167.658,179.486,177.324,187.233,148.185,173.4,181.88,167.117,174.355,174.9,182.512,201.267,148.505,193.7,185.069,158.72,191.51,171.321,201.306,147.151,189.816,172.745,183.685,188.09,174.731,214.505,216.896,167.005,173.152
253,167.05,178.965,176.756,187.83,148.543,173.693,182.065,166.755,174.17,174.924,182.763,201.778,147.826,193.225,185.208,158.191,191.973,171.428,201.613,147.134,190.205,172.602,183.674,187.977,174.423,214.413,217.041,166.784,174.097
254,166.821,178.791,176.132,188.479,148.732,173.839,182.061,166.531,173.901,174.97,183.036,202.151,147.594,192.87,185.316,157.753,192.506,171.521,201.657,146.99,190.617,172.196,183.652,187.557,174.306,214.211,217.173,166.442,174.872
255,166.438,178.861,175.659,189.155,148.983,173.948,181.949,166.587,173.157,175.199,183.039,202.42,147.4,192.385,185.228,157.32,192.946,171.815,201.514,147.057,190.993,172.327,183.726,186.783,174.178,214.23,216.914,166.27,175.205
256,165.882,179.031,175.177,189.643,148.961,174.016,181.873,166.439,172.346,175.593,183.096,202.552,147.224,191.252,185.063,156.985,193.125,171.948,201.472,147.318,191.302,172.585,183.486,185.472,174.074,214.538,216.791,166.183,175.353
257,165.277,179.117,174.108,189.844,148.788,174.111,181.792,166.445,171.64,175.961,183.223,202.632,147.458,190.29,184.693,156.879,192.619,172.361,201.095,147.687,191.371,172.721,183.165,184.269,174.054,215.165,216.284,166.176,175.419
258,164.595,179.091,172.736,190.144,148.562,174.455,181.567,166.999,171.21,176.099,183.199,202.565,147.86,189.585,184.469,156.911,191.854,172.667,200.973,148.194,191.765,173.173,183.103,183.499,173.923,215.587,215.768,166.089,175.591
259,164.113,179.259,171.628,190.407,148.333,174.854,181.393,167.355,171.207,175.853,183.246,202.447,148.69,189.019,184.394,156.988,191.542,172.799,200.685,148.511,192.368,173.499,183.113,183.152,173.879,215.868,215.103,166.181,175.724
260,164.307,179.285,171.032,190.86,148.041,175.14,181.383,167.883,171.592,175.825,183.316,202.273,149.714,188.01,184.441,157.129,191.15,172.551,200.655,148.746,193.141,173.822,183.165,182.893,173.634,216.36,214.32,166.236,175.604
261,164.311,179.115,170.744,191.246,147.838,175.364,181.439,168.784,172.27,175.739,183.117,201.817,150.127,187.415,184.686,157.246,190.902,172.243,200.694,148.874,193.529,173.312,183.283,182.468,173.465,217.069,213.887,166.265,175.552
262,164.406,178.892,170.532,191.727,147.608,175.687,181.666,169.616,173.034,175.803,182.994,201.319,150.365,187.278,184.954,157.374,190.862,171.581,200.45,148.88,193.954,172.846,183.627,182.287,173.387,217.374,213.644,166.376,175.506
263,164.555,178.759,171.179,192,147.243,176.027,182.057,169.979,173.655,175.79,182.969,200.921,149.999,187.009,185.177,157.219,190.519,170.932,199.962,148.934,194.71,172.815,184.336,182.29,173.018,217.422,213.388,166.479,175.698
264,164.567,178.763,172.202,192.192,146.954,175.897,182.659,170.255,173.888,175.997,183.227,200.543,149.45,186.756,185.22,157.341,190.205,170.651,199.493,149.184,195.271,172.772,184.622,181.815,172.995,217.33,213.307,166.488,176.192
265,164.644,178.681,172.737,192.662,147.061,175.935,183.243,170.396,173.91,176.269,183.667,200.511,149.176,186.649,185.533,157.161,190.025,170.573,199.226,149.271,195.371,172.777,184.845,181.204,173.135,217.795,213.26,166.587,176.816
266,165.01,178.679,173.13,193.065,147.196,175.813,183.986,171.037,173.724,176.543,184.006,200.47,148.862,186.098,185.776,156.841,189.893,170.149,198.964,149.368,195.061,173.08,184.934,180.612,173.245,218.232,213.444,166.296,177.047
267,164.989,178.305,173.255,193.593,147.302,176.063,184.65,171.589,173.622,176.824,184.284,200.214,148.555,185.104,185.935,156.396,190.023,169.451,198.651,149.45,194.62,173.2,184.829,180.083,173.061,218.668,213.567,165.959,176.996
268,165.129,177.862,173.201,194.204,147.395,176.392,185.101,172.249,173.606,177.049,184.412,199.877,148.186,183.875,186.298,156.02,190.417,168.86,198.767,149.723,194.468,173.621,184.677,179.238,172.926,219.049,213.594,165.618,176.87
269,163.859,177.649,172.588,194.694,147.423,176.842,185.253,172.631,173.285,177.148,184.406,199.678,147.608,182.995,186.559,155.8,190.401,168.451,199.316,149.661,194.569,173.907,184.334,178.116,172.418,219.877,214.115,165.344,176.527
270,163.295,177.334,172.082,194.992,147.45,177.711,185.283,173.393,172.66,177.368,184.307,199.802,146.807,182.548,186.66,155.221,189.919,168.113,199.916,149.648,194.79,173.649,184.171,176.974,171.975,220.777,214.493,165.294,176.13
271,162.516,177.019,171.344,195.359,147.555,178.555,185.101,173.894,172.312,177.784,184.176,200.053,146.155,181.832,186.692,154.639,189.557,167.723,200.403,149.911,194.985,173.373,183.661,175.936,171.695,221.542,214.824,165.12,175.579
272,162.153,177.192,170.849,195.667,147.753,179.178,184.753,174.041,172.115,178.254,184.033,200.081,145.68,181.571,186.853,154.145,188.695,167.134,200.688,150.074,195.25,173.771,183.333,175.476,171.53,222.023,215.257,165.036,174.921
273,161.915,177.642,170.584,195.713,147.842,179.369,184.469,174.217,171.96,178.694,184.059,200.369,145.496,181.533,186.988,153.945,188.003,166.659,200.939,150.299,195.368,173.656,182.79,175.042,171.294,222.564,215.517,165.18,174.433
274,161.933,177.364,170.209,195.897,147.578,179.595,184.012,174.376,171.625,178.93,184.182,200.79,145.164,181.254,187.133,153.876,187.171,166.532,201.083,150.493,195.291,173.369,181.935,174.829,171.498,222.807,215.777,165.216,174.224
275,162.319,177.204,169.869,196.345,147.549,180.013,183.456,174.269,171.222,179.243,184.348,201.026,145.094,181.518,187.258,153.59,186.666,166.877,201.143,150.474,195.003,173.001,181.482,174.259,171.662,223.148,216.551,165.456,173.854
276,163.489,177.035,169.604,196.419,147.604,180.368,182.945,174.035,170.899,179.403,184.527,201.317,145.043,182.198,187.38,153.357,186.233,167.154,200.989,150.397,194.773,172.524,181.365,173.413,171.447,222.961,217.727,165.789,172.95
277,165.214,176.786,169.101,196.504,147.462,180.702,182.639,174.009,170.546,179.773,184.617,201.547,144.902,182.955,187.273,153.207,186.029,167.11,201.002,150.31,194.479,171.952,181.52,173.254,171.073,222.459,219.071,166.244,172.064
278,166.556,176.644,168.629,196.462,147.418,180.687,182.587,173.855,170.182,180.256,184.725,201.563,144.841,183.347,187.115,153.012,185.883,166.816,200.983,150.388,194.267,171.192,181.661,173.686,170.629,221.995,220.455,166.422,171.315
279,166.914,176.786,168.473,196.596,147.674,180.523,182.761,173.385,169.91,180.815,184.828,201.208,144.282,183.409,187.035,152.861,185.989,166.58,200.775,150.535,194.517,170.525,182.292,173.996,170.507,221.855,221.682,166.561,170.388
280,164.631,176.964,167.753,196.623,148.015,180.449,183.083,172.201,169.742,181.219,185.009,200.573,143.046,182.83,186.944,152.939,185.78,166,200.335,150.646,194.198,169.652,183.41,175.319,170.449,221.669,222.73,166.701,169.372
281,160.762,177.046,167.222,196.444,148.298,180.692,183.408,171.551,169.862,181.442,185.321,199.99,141.443,181.947,186.932,153.05,185.704,165.751,199.75,150.583,193.94,168.805,184.194,176.419,170.504,221.669,223.164,166.931,168.229
,,177.05,,195.993,148.49,,183.64,,,181.423,,200.171,139.738,180.33,186.823,153.033,186.235,165.147,199.101,150.459,193.615,167.819,185.005,176.641,170.45,221.707,223.651,167.026,167.465
,,176.806,,195.391,148.614,,183.88,,,181.478,,200.832,138.104,178.361,186.533,153.224,186.963,164.481,198.515,150.328,193.368,166.836,185.394,176.233,170.332,221.378,223.24,166.875,167.085
,,176.518,,194.987,148.807,,184.114,,,181.824,,201.674,136.944,176.643,186.504,153.452,187.429,163.809,198.194,150.29,193.071,166.195,185.639,175.749,170.674,220.875,222.926,166.555,167.073
,,176.42,,194.951,148.897,,184.257,,,181.923,,202.362,136.132,174.717,186.481,153.669,187.534,162.648,197.678,150.331,192.841,165.99,185.166,175.336,171.259,220.346,222.281,166.165,167.165
,,176.143,,195.013,148.938,,184.339,,,181.879,,203.169,135.603,172.787,186.256,154.155,187.587,161.451,197.345,150.634,192.407,165.973,184.357,175.493,171.801,220.344,221.963,166.061,166.975
,,175.595,,195.173,148.943,,184.252,,,181.758,,203.835,134.978,171.376,186.17,154.781,187.144,160.764,197.118,150.8,192.24,166.041,183.688,176.242,172.162,220.866,221.697,166.091,166.831
,,175.017,,195.39,149.206,,184.099,,,181.619,,204.43,135.098,170.341,186.057,155.013,186.288,159.821,197.062,151.129,192.021,165.9,183.15,176.835,171.837,221.315,221.433,165.983,166.84
,,174.626,,195.486,149.584,,184.056,,,181.825,,204.998,135.161,169.567,185.645,155.24,185.338,158.788,197.349,151.363,191.89,165.857,183.069,176.627,171.476,221.8,220.959,165.669,167.034
,,174.234,,195.908,149.68,,184.115,,,181.983,,205.229,134.856,168.684,185.265,155.263,184.6,158.062,197.795,151.491,191.887,166.309,183.104,175.428,171.243,222.165,220.952,165.576,167.177
,,174.176,,196.334,149.758,,184.141,,,182.171,,205.359,134.33,168.166,185.205,155.462,184.095,157.407,198.007,151.703,192.04,166.601,183.229,174.579,170.828,222.599,221.118,165.537,167.154
,,174.235,,196.669,149.661,,184.264,,,182.219,,205.616,134.074,167.409,185.233,155.796,183.909,156.922,198.131,151.995,192.37,166.95,183.116,174.159,170.437,222.702,221.01,165.691,167.26
,,174.326,,196.724,149.456,,184.452,,,181.957,,206.05,133.588,166.142,185.227,156.347,184.132,156.966,198.372,152.548,193.05,166.831,182.939,173.898,170.083,222.795,220.687,165.968,167.593
,,174.052,,196.583,149.198,,184.478,,,181.899,,206.236,133.275,165.058,185.318,156.678,184.413,157.247,198.737,152.71,193.8,166.429,183.005,174.315,169.605,223.03,220.344,166.286,167.682
,,173.251,,196.493,148.773,,184.401,,,181.833,,206.753,133.373,164.227,185.472,156.868,184.75,157.84,198.962,152.725,194.558,166.274,183.295,175.161,168.949,223.061,220.213,166.571,167.613
,,172.368,,196.461,148.528,,184.277,,,181.779,,207.511,133.921,163.637,185.673,157.365,184.841,158.438,198.738,152.593,195.41,166.317,183.611,176.039,168.468,222.799,219.973,166.984,167.407
,,171.541,,196.38,148.46,,184.258,,,181.701,,208.237,134.792,163.45,185.663,157.813,184.985,159.017,198.42,152.44,196.687,166.307,184.092,176.208,167.972,222.592,219.832,167.024,167.017
,,170.984,,196.4,148.461,,184.289,,,181.785,,208.542,135.534,162.968,185.64,158.326,185.191,159.254,198.108,152.083,197.676,166.165,184.547,175.831,167.73,222.293,219.635,166.992,166.62
,,170.679,,196.248,148.346,,184.345,,,181.75,,208.651,135.843,162.303,185.982,158.961,185.409,159.559,197.846,151.937,198.321,165.931,184.807,175.577,167.749,221.92,219.788,166.908,166.681
,,170.502,,196.106,148.051,,184.442,,,181.495,,208.406,136.022,161.505,186.323,159.878,185.449,159.889,197.583,151.757,198.713,165.65,185.041,175.198,167.9,221.824,220.204,166.902,166.945
,,170.259,,195.823,148.021,,184.349,,,181.205,,208.034,136.425,160.654,186.877,160.494,185.14,160.416,197.091,151.58,199.088,165.608,185.069,175.091,168.274,221.833,220.781,167.013,167.456
,,170.217,,195.604,148.222,,184.487,,,181.033,,207.58,136.72,159.848,187.304,160.701,184.215,160.794,196.546,151.609,199.74,165.538,184.994,174.319,168.372,222.124,220.94,167.464,167.921
,,170.09,,195.247,148.531,,184.548,,,180.997,,207.133,136.915,159.327,187.436,160.878,183.091,160.615,195.967,151.853,200.122,165.565,185.037,173.628,168.548,222.494,221.197,167.883,168.338
,,169.95,,194.914,148.576,,184.707,,,181.226,,206.865,136.762,158.485,187.506,160.598,181.877,160.243,195.459,152.227,200.063,165.544,184.806,172.807,168.673,222.679,221.625,168.158,168.675
,,169.761,,194.478,148.78,,184.697,,,181.493,,206.663,135.953,157.551,187.457,160.52,180.973,160.037,194.714,152.529,199.757,165.763,184.735,172.463,168.608,223.016,221.965,168.428,168.946
,,169.13,,193.851,148.867,,184.536,,,181.76,,206.783,134.858,156.903,187.054,160.431,180.247,159.505,194.106,152.702,199.345,166.102,184.692,172.297,168.188,223.271,221.856,168.469,168.844
,,168.742,,193.51,148.757,,184.219,,,181.993,,207.213,133.558,156.767,186.679,160.421,179.86,159.233,194.171,152.795,199.053,166.454,184.869,171.449,167.957,223.525,221.572,168.639,168.819
,,168.673,,193.315,148.614,,184.043,,,182.333,,207.467,132.981,156.705,186.254,160.403,179.802,158.758,194.66,152.591,198.596,166.579,184.803,170.085,167.884,223.61,221.614,168.78,168.33
,,168.449,,193.068,148.352,,184.106,,,182.547,,207.785,133.007,156.824,186.019,160.604,180.166,158.695,195.138,152.733,198.14,166.613,184.829,168.396,167.986,223.454,221.413,168.832,167.927
,,168.326,,192.806,148.175,,184.092,,,182.853,,208.641,133.352,156.665,185.659,161.051,180.716,158.843,195.835,152.97,197.438,166.473,184.938,167.097,168.034,223.191,221.132,168.566,167.285
,,168.075,,192.698,147.766,,184.091,,,183,,209.624,133.67,156.696,185.408,161.327,181.024,159.182,196.516,153.373,196.827,166.76,185.334,165.864,168.119,222.687,221.111,168.381,166.649
,,168.013,,192.664,147.316,,184.136,,,183.185,,210.091,134.134,156.21,185.425,161.309,181.118,159.682,197.223,153.663,196.53,167.156,186.013,165.13,168.412,222.405,220.984,168.459,166.352
,,168.092,,192.448,146.863,,184.274,,,183.223,,210.633,134.836,156.509,185.589,160.979,180.763,160.197,198.022,153.907,196.21,167.235,187.3,164.456,168.593,222.111,221.184,169.061,166.104
,,167.952,,192.335,146.402,,184.414,,,183.428,,211.114,135.696,156.909,185.709,160.816,180.292,160.776,198.701,154.121,196.054,167.178,189.241,164.169,168.67,221.804,221.653,169.565,165.841
,,167.821,,192.504,146.201,,184.578,,,183.431,,211.428,136.54,156.565,185.672,160.775,179.763,161.44,199.235,154.254,195.843,167.395,191.112,164.7,168.89,221.595,221.663,169.843,165.693
,,167.796,,192.763,145.949,,184.777,,,183.136,,211.696,137.082,156.213,185.457,161.009,178.732,161.925,199.344,154.353,195.256,167.617,192.999,164.768,169.049,221.445,221.822,169.928,165.324
,,167.725,,193.056,145.814,,185.173,,,182.769,,211.734,137.351,156.011,185.416,161.472,177.72,162.337,199.342,154.318,194.884,168.056,194.573,164.903,168.832,221.246,221.605,170.28,165.476
,,167.656,,193.459,145.568,,185.578,,,182.216,,211.774,137.776,156.087,185.392,162.311,176.697,162.334,199.613,154.278,194.715,168.272,195.393,164.849,168.788,220.826,220.921,170.657,165.611
,,167.149,,193.973,145.065,,186.038,,,181.507,,211.905,138.313,156.425,185.566,163.118,175.915,162.217,199.97,154.246,194.641,168.506,195.337,164.953,169.18,220.697,220.144,170.504,165.552
,,166.772,,194.555,144.748,,186.468,,,180.642,,212.384,138.517,156.577,185.789,164.053,175.723,162.22,200.086,154.442,194.864,168.639,194.544,165.62,170.021,220.627,219.225,170.029,165.993
,,166.503,,195.454,144.493,,186.9,,,179.909,,212.489,138.936,156.288,185.859,164.471,176.031,162.669,199.9,154.671,195.196,169.056,188.454,166.311,170.663,220.723,218.511,169.501,166.624
,,166.226,,196.162,144.479,,187.157,,,178.757,,212.5,139.607,156.003,185.936,165.039,176.042,162.92,199.33,154.976,195.522,169.598,185.161,167.623,170.992,220.97,217.95,169.116,167.042
,,165.918,,196.827,144.238,,187.348,,,176.823,,212.114,140.716,156.304,186.003,165.529,176.405,162.897,198.576,155.367,196.144,170.206,,169.015,171.126,221.146,217.472,168.487,167.302
,,165.743,,197.535,144.018,,187.475,,,174.468,,211.597,141.898,156.368,185.753,166.229,177.19,162.674,197.878,155.561,196.816,170.933,,169.941,171.155,220.66,216.752,167.758,167.746
,,165.624,,198.315,143.969,,187.61,,,171.838,,210.945,143.197,155.9,185.35,167.033,177.718,162.218,197.334,155.631,197.104,171.254,,170.228,171.363,220.005,215.795,167.027,168.011
,,165.375,,199.099,143.773,,187.605,,,169.737,,210.288,144.717,155.237,184.836,168.025,177.867,162.195,196.724,155.517,197.02,171.502,,170.712,171.918,219.432,215.126,166.551,168.027
,,165.126,,199.744,143.626,,187.613,,,171.805,,209.84,146.072,154.275,184.639,168.904,178.08,162.272,196.04,155.595,196.623,172.069,,171.171,172.415,219.123,214.637,166.45,168.225
,,164.707,,200.039,143.679,,187.82,,,173.701,,209.664,147.17,153.129,184.44,169.73,178.161,162.492,195.207,155.768,196.116,172.239,,171.506,172.526,218.935,214.117,166.53,168.117
,,164.567,,200.359,143.824,,188.236,,,175.66,,209.463,148.654,152.145,184.018,170.419,178.023,162.993,194.636,155.76,195.562,172.23,,171.491,172.751,219.039,213.285,166.534,167.781
,,164.57,,200.79,143.86,,188.672,,,177.023,,209.261,150.411,151.075,183.636,171.094,177.764,163.483,194.307,155.797,194.74,171.579,,171.175,172.95,219.22,212.488,166.403,167.413
,,164.371,,201.36,143.846,,189.097,,,177.776,,209.161,151.887,150.372,183.282,171.759,177.413,163.691,193.953,155.901,193.659,170.877,,171.227,172.816,219.581,211.866,166.401,166.881
,,164.244,,201.8,143.701,,189.483,,,178.325,,209.131,153.569,149.996,183.174,172.654,177.189,163.492,193.965,155.957,192.643,170.208,,171.472,172.508,219.807,211.483,166.185,166.578
,,164.354,,202.178,143.521,,189.851,,,178.558,,209.54,154.775,149.422,183.015,173.21,177.064,162.743,194.158,155.969,192.06,169.709,,171.87,171.825,220.01,211.118,166.132,166.377
,,163.971,,202.844,143.299,,190,,,178.799,,209.849,155.78,149.658,182.825,173.382,176.401,162.225,194.402,155.914,191.756,169.553,,172.084,171.322,220.366,210.866,166.175,166.403
,,163.408,,203.418,143.027,,190.134,,,178.864,,209.89,157.563,150.338,182.972,173.263,175.846,161.704,194.702,155.821,191.607,169.253,,172.251,170.997,221.007,210.836,166.189,166.25
,,163.525,,203.886,142.726,,190.364,,,178.906,,209.878,159.44,150.743,183.49,173.167,175.73,161.064,194.559,155.79,191.209,168.622,,171.816,171.167,221.834,211.119,166.1,166.162
,,163.377,,204.407,142.403,,190.638,,,178.909,,209.436,160.89,151.049,184.152,173.641,176.006,160.66,194.186,155.818,191.021,168.433,,171.59,171.829,222.526,211.488,166.023,165.917
,,163.396,,204.865,141.986,,190.948,,,179.287,,208.849,161.6,152.465,184.743,174.241,176.456,160.816,193.958,155.984,190.906,168.893,,171.973,172.869,223.165,211.734,165.965,165.898
,,163.833,,205.455,141.352,,191.107,,,179.574,,208.38,161.933,154.474,185.676,175.087,177.064,160.851,193.658,156.221,191.055,169.388,,172.618,173.647,223.924,211.448,166.149,166.242
,,164.52,,205.842,140.798,,191.245,,,180.051,,208.467,161.497,156.393,186.513,176.003,177.823,160.743,193.307,156.582,191.366,169.883,,173.759,174.49,224.328,211.259,166.116,166.882
,,166.104,,206.186,140.399,,191.405,,,180.287,,208.649,161.038,158.111,187.123,176.822,178.674,160.452,193.189,156.983,191.673,170.1,,174.706,175.524,224.412,211.411,165.979,167.807
,,168.082,,206.684,140.158,,191.712,,,180.138,,208.868,161.18,158.424,187.362,177.546,179.236,160.408,193.164,157.114,191.961,170.433,,175.332,176.658,224.594,211.711,166.027,168.917
,,169.775,,206.903,140.126,,192.06,,,179.717,,209.01,160.982,157.916,187.396,178.182,179.572,160.637,193.125,157.193,192.468,170.653,,175.876,177.85,224.687,211.772,166.24,170.173
,,170.898,,207.202,140.188,,192.525,,,179.36,,209.081,161.624,153.514,187.448,179.429,179.818,160.907,192.948,157.487,192.662,170.423,,176.701,179.125,224.752,211.937,166.518,171.629
,,171.316,,207.545,140.444,,193.026,,,179.343,,208.984,162.834,149.673,187.419,181.048,180.08,161.383,192.557,157.385,192.801,170.311,,178.459,179.733,225.065,212.373,166.419,172.654
,,170.836,,207.58,140.664,,193.499,,,179.143,,208.715,164.842,,187.093,182.859,180.279,162.193,191.997,157.009,192.38,170.028,,180.354,179.13,225.705,213.209,166.123,172.963
,,168.142,,207.335,140.781,,194.164,,,178.815,,208.362,167.22,,186.769,184.764,180.402,162.783,191.182,156.791,191.853,169.515,,181.599,173.929,226.579,214.501,166.21,172.252
,,164.057,,207.297,140.782,,194.838,,,178.721,,207.86,170.357,,186.565,186.777,180.5,163.045,190.324,156.81,191.337,169.556,,181.717,170.885,227.522,216.356,166.338,167.027
,,,,207.69,140.63,,195.267,,,178.287,,207.083,173.894,,186.45,188.579,180.315,163.163,189.863,156.834,190.92,169.313,,180.795,,228.086,218.378,166.405,163.972
,,,,208.076,140.346,,195.552,,,177.78,,206.627,177.048,,185.878,189.384,179.896,163.257,189.502,156.929,190.862,169.069,,178.916,,228.871,220.05,166.799,
,,,,208.489,139.985,,195.849,,,177.453,,206.383,180.109,,185.335,187.675,179.214,163.521,189.329,157.145,191.636,169.308,,171.935,,229.297,220.792,167.339,
,,,,209.023,139.759,,196.101,,,177.353,,206.223,183.321,,184.87,182.458,178.663,163.967,189.308,157.484,193.65,169.32,,168.022,,229.404,221.104,168.447,
,,,,209.902,139.897,,196.419,,,177.203,,205.905,186.022,,184.361,177.675,177.931,164.1,189.446,157.881,196.872,169.317,,,,228.851,220.764,169.596,
,,,,211.116,140.829,,196.72,,,176.974,,205.804,188.376,,183.991,,177.635,164.302,189.86,158.198,200.149,169.196,,,,226.939,219.411,171.091,
,,,,212.617,142.35,,197.031,,,176.795,,205.709,189.623,,183.595,,177.444,164.013,190.607,158.255,203.175,169.505,,,,221.494,213.39,172.576,
,,,,214.118,144.25,,197.323,,,176.513,,205.537,189.306,,183.262,,177.562,163.307,191.433,158.511,205.547,170.78,,,,218.639,209.569,173.658,
,,,,215.695,145.332,,197.377,,,176.266,,205.011,184.553,,183.147,,177.69,162.369,192.41,158.806,206.919,172.228,,,,,,173.816,
,,,,217.343,144.949,,197.287,,,176.562,,204.32,181.119,,183.779,,177.501,162.499,193.341,159.282,207.343,173.335,,,,,,172.67,
,,,,218.368,142.202,,197.198,,,176.504,,203.922,,,185.239,,176.706,162.628,194.11,160.194,206.556,173.236,,,,,,167.527,
,,,,218.723,137.531,,197.417,,,176.417,,204.074,,,186.782,,171.103,163.398,194.472,162.173,201.128,167.743,,,,,,164.451,
,,,,218.162,,,198.033,,,177.173,,204.965,,,188.339,,167.779,164.083,193.989,164.355,197.637,164.621,,,,,,,
,,,,216.521,,,199.131,,,178.25,,206.845,,,189.475,,,164.388,192.642,166.308,,,,,,,,,
,,,,213.302,,,200.56,,,180.023,,209.069,,,190.058,,,163.261,188.049,167.157,,,,,,,,,
,,,,209.252,,,202.02,,,181.812,,211.07,,,189.851,,,158.153,185.013,165.729,,,,,,,,,
,,,,,,,203.171,,,183.42,,212.27,,,189.072,,,156.04,,157.637,,,,,,,,,
,,,,,,,203.887,,,184.265,,212.778,,,184.283,,,,,153.686,,,,,,,,,
,,,,,,,203.537,,,184.211,,212.544,,,181.548,,,,,,,,,,,,,,
,,,,,,,202.436,,,183.177,,211.065,,,,,,,,,,,,,,,,,
,,,,,,,199.941,,,180.377,,206.318,,,,,,,,,,,,,,,,,
,,,,,,,196.421,,,175.523,,202.827,,,,,,,,,,,,,,,,,