FID1	ID1	FID2	ID2	NSNP	HETHET	IBS0	KINSHIP
102-CC-DD-82	102-CC-DD-82	100-CC-SD-73	100-CC-SD-73	646	0.143963	0.0990712	-0.0988636
108-CC-DD-94	108-CC-DD-94	100-CC-SD-73	100-CC-SD-73	646	0.159443	0.0835913	-0.0452489
108-CC-DD-94	108-CC-DD-94	102-CC-DD-82	102-CC-DD-82	2980	0.160067	0.0885906	-0.0441176
114-MF-SD-45	114-MF-SD-45	100-CC-SD-73	100-CC-SD-73	767	0.148631	0.196871	-0.424797
114-MF-SD-45	114-MF-SD-45	102-CC-DD-82	102-CC-DD-82	4569	0.151893	0.136573	-0.165735
114-MF-SD-45	114-MF-SD-45	108-CC-DD-94	108-CC-DD-94	3147	0.145218	0.146489	-0.208519
117-MF-SD-44	117-MF-SD-44	100-CC-SD-73	100-CC-SD-73	762	0.153543	0.188976	-0.384073
117-MF-SD-44	117-MF-SD-44	102-CC-DD-82	102-CC-DD-82	4332	0.147045	0.148661	-0.22233
117-MF-SD-44	117-MF-SD-44	108-CC-DD-94	108-CC-DD-94	2765	0.14792	0.156239	-0.24244
117-MF-SD-44	117-MF-SD-44	114-MF-SD-45	114-MF-SD-45	7849	0.328067	0.00191107	0.38882
123-CC-DD-81	123-CC-DD-81	100-CC-SD-73	100-CC-SD-73	719	0.139082	0.180807	-0.384199
123-CC-DD-81	123-CC-DD-81	102-CC-DD-82	102-CC-DD-82	5718	0.145855	0.14603	-0.231426
123-CC-DD-81	123-CC-DD-81	108-CC-DD-94	108-CC-DD-94	3361	0.135971	0.151741	-0.261204
123-CC-DD-81	123-CC-DD-81	114-MF-SD-45	114-MF-SD-45	8480	0.258255	0.0150943	0.272949
123-CC-DD-81	123-CC-DD-81	117-MF-SD-44	117-MF-SD-44	9305	0.236002	0.0203117	0.237919
23-MF10-1a	23-MF10-1a	100-CC-SD-73	100-CC-SD-73	760	0.135526	0.178947	-0.398536
23-MF10-1a	23-MF10-1a	102-CC-DD-82	102-CC-DD-82	6058	0.156157	0.12859	-0.135997
23-MF10-1a	23-MF10-1a	108-CC-DD-94	108-CC-DD-94	3462	0.151935	0.14327	-0.19059
23-MF10-1a	23-MF10-1a	114-MF-SD-45	114-MF-SD-45	8814	0.270592	0.0130474	0.29169
23-MF10-1a	23-MF10-1a	117-MF-SD-44	117-MF-SD-44	9663	0.264411	0.0177999	0.272192
23-MF10-1a	23-MF10-1a	123-CC-DD-81	123-CC-DD-81	12482	0.232895	0.024996	0.217877
25-CC40-2b	25-CC40-2b	100-CC-SD-73	100-CC-SD-73	755	0.143046	0.184106	-0.38627
25-CC40-2b	25-CC40-2b	102-CC-DD-82	102-CC-DD-82	6148	0.149967	0.144112	-0.215804
25-CC40-2b	25-CC40-2b	108-CC-DD-94	108-CC-DD-94	3517	0.138755	0.150981	-0.252508
25-CC40-2b	25-CC40-2b	114-MF-SD-45	114-MF-SD-45	8994	0.258172	0.0151212	0.273267
25-CC40-2b	25-CC40-2b	117-MF-SD-44	117-MF-SD-44	9936	0.238124	0.0202295	0.239971
25-CC40-2b	25-CC40-2b	23-MF10-1a	23-MF10-1a	13485	0.236633	0.0247683	0.223773
27-MF40-2b	27-MF40-2b	100-CC-SD-73	100-CC-SD-73	641	0.129485	0.101404	-0.140097
27-MF40-2b	27-MF40-2b	102-CC-DD-82	102-CC-DD-82	4939	0.153472	0.0795708	-0.0327556
27-MF40-2b	27-MF40-2b	108-CC-DD-94	108-CC-DD-94	3158	0.145662	0.0921469	-0.0704887
27-MF40-2b	27-MF40-2b	114-MF-SD-45	114-MF-SD-45	5277	0.136062	0.157097	-0.294159
27-MF40-2b	27-MF40-2b	117-MF-SD-44	117-MF-SD-44	5041	0.132315	0.162269	-0.3115
27-MF40-2b	27-MF40-2b	123-CC-DD-81	123-CC-DD-81	6957	0.135978	0.168895	-0.298421
27-MF40-2b	27-MF40-2b	23-MF10-1a	23-MF10-1a	7029	0.144259	0.155783	-0.26993
27-MF40-2b	27-MF40-2b	25-CC40-2b	25-CC40-2b	7198	0.135593	0.168519	-0.300323
28-CC10-9b	28-CC10-9b	100-CC-SD-73	100-CC-SD-73	708	0.138418	0.105932	-0.154185
28-CC10-9b	28-CC10-9b	102-CC-DD-82	102-CC-DD-82	5549	0.125428	0.11858	-0.257406
28-CC10-9b	28-CC10-9b	108-CC-DD-94	108-CC-DD-94	3321	0.132189	0.122252	-0.225318
28-CC10-9b	28-CC10-9b	114-MF-SD-45	114-MF-SD-45	7387	0.134155	0.189522	-0.482135
28-CC10-9b	28-CC10-9b	117-MF-SD-44	117-MF-SD-44	8062	0.129744	0.198958	-0.500803
28-CC10-9b	28-CC10-9b	123-CC-DD-81	123-CC-DD-81	10162	0.120547	0.209604	-0.552138
28-CC10-9b	28-CC10-9b	23-MF10-1a	23-MF10-1a	10871	0.129059	0.189311	-0.491641
28-CC10-9b	28-CC10-9b	25-CC40-2b	25-CC40-2b	11010	0.124614	0.207539	-0.533119
28-CC10-9b	28-CC10-9b	27-MF40-2b	27-MF40-2b	6223	0.116664	0.121003	-0.241009
31-MF40-5b	31-MF40-5b	100-CC-SD-73	100-CC-SD-73	644	0.145963	0.0869565	-0.0849282
31-MF40-5b	31-MF40-5b	102-CC-DD-82	102-CC-DD-82	4381	0.1559	0.0947272	-0.0695525
31-MF40-5b	31-MF40-5b	108-CC-DD-94	108-CC-DD-94	2859	0.154949	0.0895418	-0.0368447
31-MF40-5b	31-MF40-5b	114-MF-SD-45	114-MF-SD-45	4883	0.151751	0.151137	-0.21525
31-MF40-5b	31-MF40-5b	117-MF-SD-44	117-MF-SD-44	4804	0.140508	0.157577	-0.248107
31-MF40-5b	31-MF40-5b	123-CC-DD-81	123-CC-DD-81	5863	0.134914	0.16101	-0.287266
31-MF40-5b	31-MF40-5b	23-MF10-1a	23-MF10-1a	6400	0.143125	0.145156	-0.206721
31-MF40-5b	31-MF40-5b	25-CC40-2b	25-CC40-2b	6409	0.135747	0.159931	-0.279524
31-MF40-5b	31-MF40-5b	27-MF40-2b	27-MF40-2b	4479	0.157178	0.0928779	-0.0542129
31-MF40-5b	31-MF40-5b	28-CC10-9b	28-CC10-9b	6169	0.134057	0.104555	-0.177952
32-CC10-1b	32-CC10-1b	100-CC-SD-73	100-CC-SD-73	610	0.318033	0	0.44802
32-CC10-1b	32-CC10-1b	102-CC-DD-82	102-CC-DD-82	2548	0.15973300000000001	0.105573	-0.0998839
32-CC10-1b	32-CC10-1b	108-CC-DD-94	108-CC-DD-94	1916	0.143006	0.0960334	-0.0895931
32-CC10-1b	32-CC10-1b	114-MF-SD-45	114-MF-SD-45	2557	0.136097	0.204928	-0.404844
32-CC10-1b	32-CC10-1b	117-MF-SD-44	117-MF-SD-44	2572	0.130249	0.209953	-0.452976
32-CC10-1b	32-CC10-1b	123-CC-DD-81	123-CC-DD-81	2704	0.121302	0.202293	-0.457135
32-CC10-1b	32-CC10-1b	23-MF10-1a	23-MF10-1a	2940	0.133673	0.193878	-0.383417
32-CC10-1b	32-CC10-1b	25-CC40-2b	25-CC40-2b	2965	0.123777	0.201349	-0.440748
32-CC10-1b	32-CC10-1b	27-MF40-2b	27-MF40-2b	2396	0.139816	0.100584	-0.0908537
32-CC10-1b	32-CC10-1b	28-CC10-9b	28-CC10-9b	2919	0.130524	0.100719	-0.130991
32-CC10-1b	32-CC10-1b	31-MF40-5b	31-MF40-5b	2596	0.149846	0.0878274	-0.0428731
35-MF40-1b	35-MF40-1b	100-CC-SD-73	100-CC-SD-73	712	0.155899	0.147472	-0.194767
35-MF40-1b	35-MF40-1b	102-CC-DD-82	102-CC-DD-82	6115	0.18054	0.10924	-0.0780781
35-MF40-1b	35-MF40-1b	108-CC-DD-94	108-CC-DD-94	3521	0.168986	0.12042	-0.1454
35-MF40-1b	35-MF40-1b	114-MF-SD-45	114-MF-SD-45	8119	0.26518	0.0184752	0.253444
35-MF40-1b	35-MF40-1b	117-MF-SD-44	117-MF-SD-44	8700	0.253103	0.0175862	0.235674
35-MF40-1b	35-MF40-1b	123-CC-DD-81	123-CC-DD-81	11617	0.248257	0.0194542	0.226445
35-MF40-1b	35-MF40-1b	23-MF10-1a	23-MF10-1a	12265	0.259437	0.0238891	0.23136
35-MF40-1b	35-MF40-1b	25-CC40-2b	25-CC40-2b	12524	0.250559	0.0197221	0.229836
35-MF40-1b	35-MF40-1b	27-MF40-2b	27-MF40-2b	7099	0.158473	0.126919	-0.200737
35-MF40-1b	35-MF40-1b	28-CC10-9b	28-CC10-9b	10143	0.143646	0.161096	-0.418888
35-MF40-1b	35-MF40-1b	31-MF40-5b	31-MF40-5b	6198	0.165376	0.119232	-0.14251
35-MF40-1b	35-MF40-1b	32-CC10-1b	32-CC10-1b	2908	0.153026	0.151651	-0.263581
37-CC40-8b	37-CC40-8b	100-CC-SD-73	100-CC-SD-73	692	0.135838	0.112717	-0.154762
37-CC40-8b	37-CC40-8b	102-CC-DD-82	102-CC-DD-82	5896	0.151967	0.0834464	-0.048921
37-CC40-8b	37-CC40-8b	108-CC-DD-94	108-CC-DD-94	3484	0.148967	0.0832377	-0.0435622
37-CC40-8b	37-CC40-8b	114-MF-SD-45	114-MF-SD-45	6846	0.1487	0.137891	-0.218143
37-CC40-8b	37-CC40-8b	117-MF-SD-44	117-MF-SD-44	7088	0.148702	0.150395	-0.240964
37-CC40-8b	37-CC40-8b	123-CC-DD-81	123-CC-DD-81	9732	0.137896	0.153	-0.252948
37-CC40-8b	37-CC40-8b	23-MF10-1a	23-MF10-1a	10254	0.148625	0.134192	-0.201248
37-CC40-8b	37-CC40-8b	25-CC40-2b	25-CC40-2b	10485	0.138579	0.151836	-0.249384
37-CC40-8b	37-CC40-8b	27-MF40-2b	27-MF40-2b	6790	0.136082	0.0958763	-0.0832612
37-CC40-8b	37-CC40-8b	28-CC10-9b	28-CC10-9b	8858	0.121811	0.128133	-0.267682
37-CC40-8b	37-CC40-8b	31-MF40-5b	31-MF40-5b	5802	0.149948	0.0894519	-0.0444606
37-CC40-8b	37-CC40-8b	32-CC10-1b	32-CC10-1b	2894	0.133034	0.102972	-0.11677
37-CC40-8b	37-CC40-8b	35-MF40-1b	35-MF40-1b	10132	0.167292	0.112811	-0.146736
4-MF10-4a	4-MF10-4a	100-CC-SD-73	100-CC-SD-73	656	0.144817	0.195122	-0.448529
4-MF10-4a	4-MF10-4a	102-CC-DD-82	102-CC-DD-82	5203	0.15222	0.134346	-0.16571
4-MF10-4a	4-MF10-4a	108-CC-DD-94	108-CC-DD-94	3059	0.145799	0.146126	-0.209647
4-MF10-4a	4-MF10-4a	114-MF-SD-45	114-MF-SD-45	6235	0.310986	0.00224539	0.387398
4-MF10-4a	4-MF10-4a	117-MF-SD-44	117-MF-SD-44	6605	0.37623	0	0.476601
4-MF10-4a	4-MF10-4a	123-CC-DD-81	123-CC-DD-81	8013	0.228504	0.0174716	0.2452
4-MF10-4a	4-MF10-4a	23-MF10-1a	23-MF10-1a	8561	0.257213	0.0133162	0.285191
4-MF10-4a	4-MF10-4a	25-CC40-2b	25-CC40-2b	8682	0.231859	0.0172771	0.24892
4-MF10-4a	4-MF10-4a	27-MF40-2b	27-MF40-2b	5529	0.137095	0.152288	-0.272776
4-MF10-4a	4-MF10-4a	28-CC10-9b	28-CC10-9b	7720	0.128109	0.192228	-0.49506
4-MF10-4a	4-MF10-4a	31-MF40-5b	31-MF40-5b	5401	0.142566	0.14664	-0.212385
4-MF10-4a	4-MF10-4a	32-CC10-1b	32-CC10-1b	2787	0.13563	0.203803	-0.420109
4-MF10-4a	4-MF10-4a	35-MF40-1b	35-MF40-1b	8293	0.245147	0.0153141	0.242564
4-MF10-4a	4-MF10-4a	37-CC40-8b	37-CC40-8b	7432	0.14922	0.138724	-0.210822
42-MF10-10b	42-MF10-10b	100-CC-SD-73	100-CC-SD-73	760	0.138158	0.205263	-0.485169
42-MF10-10b	42-MF10-10b	102-CC-DD-82	102-CC-DD-82	6067	0.154277	0.141915	-0.183289
42-MF10-10b	42-MF10-10b	108-CC-DD-94	108-CC-DD-94	3507	0.143142	0.151411	-0.226852
42-MF10-10b	42-MF10-10b	117-MF-SD-44	117-MF-SD-44	9899	0.322659	0.00292959	0.383124
42-MF10-10b	42-MF10-10b	123-CC-DD-81	123-CC-DD-81	12680	0.251735	0.0155363	0.270496
42-MF10-10b	42-MF10-10b	23-MF10-1a	23-MF10-1a	13396	0.267617	0.012765	0.292303
42-MF10-10b	42-MF10-10b	25-CC40-2b	25-CC40-2b	13705	0.253776	0.015104	0.275577
42-MF10-10b	42-MF10-10b	27-MF40-2b	27-MF40-2b	7094	0.13744	0.157316	-0.28065
42-MF10-10b	42-MF10-10b	28-CC10-9b	28-CC10-9b	10924	0.128707	0.19535	-0.504747
42-MF10-10b	42-MF10-10b	31-MF40-5b	31-MF40-5b	6407	0.144217	0.159669	-0.244063
42-MF10-10b	42-MF10-10b	32-CC10-1b	32-CC10-1b	2965	0.130185	0.208769	-0.440367
42-MF10-10b	42-MF10-10b	35-MF40-1b	35-MF40-1b	12388	0.258395	0.0171941	0.24699
42-MF10-10b	42-MF10-10b	37-CC40-8b	37-CC40-8b	10369	0.145819	0.142444	-0.223236
42-MF10-10b	42-MF10-10b	4-MF10-4a	4-MF10-4a	8675	0.312968	0.0026513	0.388024
48-CC10-6b	48-CC10-6b	100-CC-SD-73	100-CC-SD-73	535	0.130841	0.0878505	-0.106936
48-CC10-6b	48-CC10-6b	102-CC-DD-82	102-CC-DD-82	1511	0.155526	0.100596	-0.0676044
48-CC10-6b	48-CC10-6b	108-CC-DD-94	108-CC-DD-94	1285	0.142412	0.10116700000000001	-0.117169
48-CC10-6b	48-CC10-6b	114-MF-SD-45	114-MF-SD-45	1541	0.147956	0.162881	-0.29023
48-CC10-6b	48-CC10-6b	117-MF-SD-44	117-MF-SD-44	1513	0.139458	0.163252	-0.316866
48-CC10-6b	48-CC10-6b	123-CC-DD-81	123-CC-DD-81	1543	0.14582	0.167207	-0.327877
48-CC10-6b	48-CC10-6b	23-MF10-1a	23-MF10-1a	1621	0.14744	0.144972	-0.235663
48-CC10-6b	48-CC10-6b	25-CC40-2b	25-CC40-2b	1623	0.147258	0.165126	-0.323251
48-CC10-6b	48-CC10-6b	27-MF40-2b	27-MF40-2b	1424	0.149579	0.103933	-0.10303
48-CC10-6b	48-CC10-6b	28-CC10-9b	28-CC10-9b	1605	0.140187	0.114642	-0.187745
48-CC10-6b	48-CC10-6b	31-MF40-5b	31-MF40-5b	1493	0.176155	0.0890824	-0.0385742
48-CC10-6b	48-CC10-6b	32-CC10-1b	32-CC10-1b	1410	0.148227	0.0964539	-0.0902923
48-CC10-6b	48-CC10-6b	35-MF40-1b	35-MF40-1b	1628	0.16769	0.141892	-0.175987
48-CC10-6b	48-CC10-6b	37-CC40-8b	37-CC40-8b	1610	0.152795	0.0968944	-0.0672743
48-CC10-6b	48-CC10-6b	4-MF10-4a	4-MF10-4a	1568	0.14477	0.162628	-0.302958
48-CC10-6b	48-CC10-6b	42-MF10-10b	42-MF10-10b	1645	0.145897	0.168389	-0.320255
49-CC40-1b	49-CC40-1b	100-CC-SD-73	100-CC-SD-73	679	0.153166	0.107511	-0.120536
49-CC40-1b	49-CC40-1b	102-CC-DD-82	102-CC-DD-82	5788	0.153248	0.0841396	-0.06718
49-CC40-1b	49-CC40-1b	108-CC-DD-94	108-CC-DD-94	3314	0.14997	0.0887145	-0.0567979
49-CC40-1b	49-CC40-1b	114-MF-SD-45	114-MF-SD-45	6213	0.144697	0.14646700000000001	-0.252004
49-CC40-1b	49-CC40-1b	117-MF-SD-44	117-MF-SD-44	6324	0.144687	0.163978	-0.287569
49-CC40-1b	49-CC40-1b	123-CC-DD-81	123-CC-DD-81	8723	0.132409	0.165081	-0.295621
49-CC40-1b	49-CC40-1b	23-MF10-1a	23-MF10-1a	9350	0.148449	0.151551	-0.264098
49-CC40-1b	49-CC40-1b	25-CC40-2b	25-CC40-2b	9487	0.1345	0.165068	-0.29832
49-CC40-1b	49-CC40-1b	27-MF40-2b	27-MF40-2b	6291	0.144969	0.100302	-0.091189
49-CC40-1b	49-CC40-1b	28-CC10-9b	28-CC10-9b	8311	0.121766	0.126098	-0.2491
49-CC40-1b	49-CC40-1b	31-MF40-5b	31-MF40-5b	5694	0.14366	0.0934317	-0.0819502
49-CC40-1b	49-CC40-1b	32-CC10-1b	32-CC10-1b	2840	0.134507	0.109507	-0.136681
49-CC40-1b	49-CC40-1b	35-MF40-1b	35-MF40-1b	9192	0.163729	0.127611	-0.204458
49-CC40-1b	49-CC40-1b	37-CC40-8b	37-CC40-8b	8566	0.143941	0.0782162	-0.0237444
49-CC40-1b	49-CC40-1b	4-MF10-4a	4-MF10-4a	7164	0.145868	0.154802	-0.274421
49-CC40-1b	49-CC40-1b	42-MF10-10b	42-MF10-10b	9373	0.144031	0.15854	-0.282741
49-CC40-1b	49-CC40-1b	48-CC10-6b	48-CC10-6b	1584	0.145833	0.104798	-0.128571
63-MF-SS-60	63-MF-SS-60	100-CC-SD-73	100-CC-SD-73	733	0.162347	0.195089	-0.390167
63-MF-SS-60	63-MF-SS-60	102-CC-DD-82	102-CC-DD-82	5362	0.147893	0.142298	-0.199897
63-MF-SS-60	63-MF-SS-60	108-CC-DD-94	108-CC-DD-94	3237	0.144269	0.151066	-0.228194
63-MF-SS-60	63-MF-SS-60	114-MF-SD-45	114-MF-SD-45	8555	0.328112	0.00163647	0.390383
63-MF-SS-60	63-MF-SS-60	117-MF-SD-44	117-MF-SD-44	9650	0.395544	3.10881e-4	0.478818
63-MF-SS-60	63-MF-SS-60	123-CC-DD-81	123-CC-DD-81	11212	0.238762	0.0189975	0.24417
63-MF-SS-60	63-MF-SS-60	23-MF10-1a	23-MF10-1a	11806	0.263934	0.0159241	0.280518
63-MF-SS-60	63-MF-SS-60	25-CC40-2b	25-CC40-2b	12068	0.241631	0.0186443	0.248976
63-MF-SS-60	63-MF-SS-60	27-MF40-2b	27-MF40-2b	6153	0.137981	0.157972	-0.285458
63-MF-SS-60	63-MF-SS-60	28-CC10-9b	28-CC10-9b	9925	0.130378	0.194156	-0.498096
63-MF-SS-60	63-MF-SS-60	31-MF40-5b	31-MF40-5b	5928	0.142713	0.155533	-0.236559
63-MF-SS-60	63-MF-SS-60	32-CC10-1b	32-CC10-1b	2839	0.135611	0.21099	-0.442636
63-MF-SS-60	63-MF-SS-60	35-MF40-1b	35-MF40-1b	10818	0.25587	0.0174709	0.242442
63-MF-SS-60	63-MF-SS-60	37-CC40-8b	37-CC40-8b	8920	0.150785	0.146413	-0.227019
63-MF-SS-60	63-MF-SS-60	4-MF10-4a	4-MF10-4a	7987	0.381871	1.25203e-4	0.479695
63-MF-SS-60	63-MF-SS-60	42-MF10-10b	42-MF10-10b	12074	0.324416	0.00240186	0.390431
63-MF-SS-60	63-MF-SS-60	48-CC10-6b	48-CC10-6b	1594	0.146173	0.162484	-0.292514
63-MF-SS-60	63-MF-SS-60	49-CC40-1b	49-CC40-1b	8036	0.147337	0.163016	-0.289148
66-MF-DS-52	66-MF-DS-52	100-CC-SD-73	100-CC-SD-73	394	0.159898	0.0583756	0.0410959
66-MF-DS-52	66-MF-DS-52	102-CC-DD-82	102-CC-DD-82	822	0.13747	0.121655	-0.17803
66-MF-DS-52	66-MF-DS-52	108-CC-DD-94	108-CC-DD-94	761	0.128778	0.0893561	-0.0805785
66-MF-DS-52	66-MF-DS-52	114-MF-SD-45	114-MF-SD-45	829	0.106152	0.17491	-0.390152
66-MF-DS-52	66-MF-DS-52	117-MF-SD-44	117-MF-SD-44	794	0.120907	0.180101	-0.401423
66-MF-DS-52	66-MF-DS-52	123-CC-DD-81	123-CC-DD-81	759	0.106719	0.16996	-0.382845
66-MF-DS-52	66-MF-DS-52	23-MF10-1a	23-MF10-1a	832	0.111779	0.170673	-0.362873
66-MF-DS-52	66-MF-DS-52	25-CC40-2b	25-CC40-2b	828	0.111111	0.175121	-0.377358
66-MF-DS-52	66-MF-DS-52	27-MF40-2b	27-MF40-2b	778	0.156812	0.104113	-0.122428
66-MF-DS-52	66-MF-DS-52	28-CC10-9b	28-CC10-9b	839	0.117998	0.131108	-0.225836
66-MF-DS-52	66-MF-DS-52	31-MF40-5b	31-MF40-5b	791	0.127686	0.0897598	-0.0989796
66-MF-DS-52	66-MF-DS-52	32-CC10-1b	32-CC10-1b	795	0.128302	0.0930818	-0.0957031
66-MF-DS-52	66-MF-DS-52	35-MF40-1b	35-MF40-1b	846	0.125296	0.138298	-0.293519
66-MF-DS-52	66-MF-DS-52	37-CC40-8b	37-CC40-8b	841	0.127229	0.104637	-0.150376
66-MF-DS-52	66-MF-DS-52	4-MF10-4a	4-MF10-4a	832	0.122596	0.182692	-0.400962
66-MF-DS-52	66-MF-DS-52	42-MF10-10b	42-MF10-10b	847	0.100354	0.188902	-0.460577
66-MF-DS-52	66-MF-DS-52	48-CC10-6b	48-CC10-6b	710	0.147887	0.0985915	-0.0859031
66-MF-DS-52	66-MF-DS-52	49-CC40-1b	49-CC40-1b	844	0.145735	0.117299	-0.141144
66-MF-DS-52	66-MF-DS-52	63-MF-SS-60	63-MF-SS-60	832	0.120192	0.185096	-0.411538
73-CC-SS-38	73-CC-SS-38	100-CC-SD-73	100-CC-SD-73	548	0.122263	0.10219	-0.164773
73-CC-SS-38	73-CC-SS-38	102-CC-DD-82	102-CC-DD-82	2207	0.130494	0.1314	-0.241525
73-CC-SS-38	73-CC-SS-38	108-CC-DD-94	108-CC-DD-94	1735	0.12218999999999999	0.130836	-0.231664
73-CC-SS-38	73-CC-SS-38	114-MF-SD-45	114-MF-SD-45	2267	0.126599	0.221879	-0.514443
73-CC-SS-38	73-CC-SS-38	117-MF-SD-44	117-MF-SD-44	2274	0.121812	0.223395	-0.505054
73-CC-SS-38	73-CC-SS-38	123-CC-DD-81	123-CC-DD-81	2359	0.123781	0.228911	-0.528871
73-CC-SS-38	73-CC-SS-38	23-MF10-1a	23-MF10-1a	2486	0.128319	0.217619	-0.504386
73-CC-SS-38	73-CC-SS-38	25-CC40-2b	25-CC40-2b	2523	0.123662	0.22394	-0.51411
73-CC-SS-38	73-CC-SS-38	27-MF40-2b	27-MF40-2b	2169	0.122637	0.114338	-0.172799
73-CC-SS-38	73-CC-SS-38	31-MF40-5b	31-MF40-5b	2196	0.135246	0.118397	-0.176056
73-CC-SS-38	73-CC-SS-38	32-CC10-1b	32-CC10-1b	1921	0.119209	0.105674	-0.150082
73-CC-SS-38	73-CC-SS-38	35-MF40-1b	35-MF40-1b	2474	0.144301	0.169361	-0.385178
73-CC-SS-38	73-CC-SS-38	37-CC40-8b	37-CC40-8b	2465	0.124544	0.136714	-0.241477
73-CC-SS-38	73-CC-SS-38	4-MF10-4a	4-MF10-4a	2426	0.126134	0.219291	-0.494282
73-CC-SS-38	73-CC-SS-38	42-MF10-10b	42-MF10-10b	2523	0.125248	0.225922	-0.519988
73-CC-SS-38	73-CC-SS-38	48-CC10-6b	48-CC10-6b	1280	0.135938	0.114062	-0.172101
73-CC-SS-38	73-CC-SS-38	49-CC40-1b	49-CC40-1b	2412	0.131426	0.133914	-0.213694
73-CC-SS-38	73-CC-SS-38	63-MF-SS-60	63-MF-SS-60	2445	0.122699	0.224131	-0.522003
73-CC-SS-38	73-CC-SS-38	66-MF-DS-52	66-MF-DS-52	805	0.11677	0.134161	-0.247012
75-CC-DD-84	75-CC-DD-84	100-CC-SD-73	100-CC-SD-73	732	0.174863	0.0983607	-0.0319343
75-CC-DD-84	75-CC-DD-84	102-CC-DD-82	102-CC-DD-82	6016	0.171044	0.0839428	2.20264e-4
75-CC-DD-84	75-CC-DD-84	108-CC-DD-94	108-CC-DD-94	3480	0.170115	0.0784483	-0.00422026
75-CC-DD-84	75-CC-DD-84	114-MF-SD-45	114-MF-SD-45	8139	0.179875	0.120285	-0.0979513
75-CC-DD-84	75-CC-DD-84	117-MF-SD-44	117-MF-SD-44	8880	0.170045	0.133784	-0.145852
75-CC-DD-84	75-CC-DD-84	123-CC-DD-81	123-CC-DD-81	11713	0.159396	0.118842	-0.112997
75-CC-DD-84	75-CC-DD-84	23-MF10-1a	23-MF10-1a	12348	0.175089	0.114998	-0.0914608
75-CC-DD-84	75-CC-DD-84	25-CC40-2b	25-CC40-2b	12610	0.158921	0.12157	-0.11659
75-CC-DD-84	75-CC-DD-84	27-MF40-2b	27-MF40-2b	6935	0.153136	0.0909877	-0.0707251
75-CC-DD-84	75-CC-DD-84	28-CC10-9b	28-CC10-9b	10324	0.126889	0.130085	-0.284702
75-CC-DD-84	75-CC-DD-84	31-MF40-5b	31-MF40-5b	6213	0.160631	0.0959279	-0.0460585
75-CC-DD-84	75-CC-DD-84	32-CC10-1b	32-CC10-1b	2900	0.147586	0.113793	-0.13852
75-CC-DD-84	75-CC-DD-84	35-MF40-1b	35-MF40-1b	11587	0.193147	0.0983861	-0.049651
75-CC-DD-84	75-CC-DD-84	37-CC40-8b	37-CC40-8b	9970	0.150752	0.0770311	-0.0287471
75-CC-DD-84	75-CC-DD-84	4-MF10-4a	4-MF10-4a	8215	0.165186	0.120633	-0.1158
75-CC-DD-84	75-CC-DD-84	42-MF10-10b	42-MF10-10b	12516	0.174577	0.120725	-0.100062
75-CC-DD-84	75-CC-DD-84	48-CC10-6b	48-CC10-6b	1637	0.164936	0.0928528	-0.0434412
75-CC-DD-84	75-CC-DD-84	49-CC40-1b	49-CC40-1b	9175	0.153134	0.0903542	-0.0706487
75-CC-DD-84	75-CC-DD-84	63-MF-SS-60	63-MF-SS-60	10972	0.171619	0.125592	-0.118846
75-CC-DD-84	75-CC-DD-84	66-MF-DS-52	66-MF-DS-52	840	0.136905	0.0940476	-0.0939781
75-CC-DD-84	75-CC-DD-84	73-CC-SS-38	73-CC-SS-38	2511	0.126643	0.136201	-0.254618
78-MF-DS-54	78-MF-DS-54	100-CC-SD-73	100-CC-SD-73	83	0.156627	0.060241	-0.00892857
78-MF-DS-54	78-MF-DS-54	102-CC-DD-82	102-CC-DD-82	77	0.142857	0.155844	-0.315217
78-MF-DS-54	78-MF-DS-54	108-CC-DD-94	108-CC-DD-94	90	0.211111	0.1	-0.107143
78-MF-DS-54	78-MF-DS-54	114-MF-SD-45	114-MF-SD-45	87	0.126437	0.183908	-0.401786
78-MF-DS-54	78-MF-DS-54	117-MF-SD-44	117-MF-SD-44	87	0.137931	0.114943	-0.155172
78-MF-DS-54	78-MF-DS-54	123-CC-DD-81	123-CC-DD-81	72	0.152778	0.166667	-0.464286
78-MF-DS-54	78-MF-DS-54	23-MF10-1a	23-MF10-1a	73	0.109589	0.191781	-0.465909
78-MF-DS-54	78-MF-DS-54	25-CC40-2b	25-CC40-2b	70	0.157143	0.171429	-0.397727
78-MF-DS-54	78-MF-DS-54	27-MF40-2b	27-MF40-2b	75	0.146667	0.0533333	0.0340909
78-MF-DS-54	78-MF-DS-54	28-CC10-9b	28-CC10-9b	85	0.129412	0.164706	-0.326923
78-MF-DS-54	78-MF-DS-54	32-CC10-1b	32-CC10-1b	81	0.148148	0.0740741	-0.0384615
78-MF-DS-54	78-MF-DS-54	35-MF40-1b	35-MF40-1b	73	0.150685	0.0684932	-0.113636
78-MF-DS-54	78-MF-DS-54	37-CC40-8b	37-CC40-8b	75	0.0933333	0.106667	-0.285714
78-MF-DS-54	78-MF-DS-54	4-MF10-4a	4-MF10-4a	73	0.136986	0.136986	-0.284091
78-MF-DS-54	78-MF-DS-54	42-MF10-10b	42-MF10-10b	71	0.140845	0.239437	-0.583333
78-MF-DS-54	78-MF-DS-54	48-CC10-6b	48-CC10-6b	92	0.141304	0.119565	-0.163793
78-MF-DS-54	78-MF-DS-54	49-CC40-1b	49-CC40-1b	74	0.108108	0.135135	-0.318182
78-MF-DS-54	78-MF-DS-54	63-MF-SS-60	63-MF-SS-60	77	0.155844	0.116883	-0.144231
78-MF-DS-54	78-MF-DS-54	66-MF-DS-52	66-MF-DS-52	82	0.121951	0.146341	-0.29
78-MF-DS-54	78-MF-DS-54	73-CC-SS-38	73-CC-SS-38	91	0.120879	0.153846	-0.3125
78-MF-DS-54	78-MF-DS-54	75-CC-DD-84	75-CC-DD-84	79	0.126582	0.126582	-0.24
80-1-CC-DS-86	80-1-CC-DS-86	100-CC-SD-73	100-CC-SD-73	753	0.143426	0.180611	-0.363454
80-1-CC-DS-86	80-1-CC-DS-86	102-CC-DD-82	102-CC-DD-82	6133	0.150823	0.143649	-0.210248
80-1-CC-DS-86	80-1-CC-DS-86	108-CC-DD-94	108-CC-DD-94	3521	0.140017	0.151945	-0.246084
80-1-CC-DS-86	80-1-CC-DS-86	114-MF-SD-45	114-MF-SD-45	8961	0.261243	0.0157349	0.275575
80-1-CC-DS-86	80-1-CC-DS-86	117-MF-SD-44	117-MF-SD-44	9847	0.240682	0.019803	0.245062
80-1-CC-DS-86	80-1-CC-DS-86	23-MF10-1a	23-MF10-1a	13418	0.236324	0.0247429	0.22414799999999999
80-1-CC-DS-86	80-1-CC-DS-86	27-MF40-2b	27-MF40-2b	7191	0.134335	0.168822	-0.303737
80-1-CC-DS-86	80-1-CC-DS-86	28-CC10-9b	28-CC10-9b	10958	0.124293	0.206333	-0.534875
80-1-CC-DS-86	80-1-CC-DS-86	31-MF40-5b	31-MF40-5b	6408	0.136392	0.160424	-0.276834
80-1-CC-DS-86	80-1-CC-DS-86	32-CC10-1b	32-CC10-1b	2941	0.122747	0.198232	-0.42487
80-1-CC-DS-86	80-1-CC-DS-86	35-MF40-1b	35-MF40-1b	12478	0.251322	0.0186729	0.23318
80-1-CC-DS-86	80-1-CC-DS-86	37-CC40-8b	37-CC40-8b	10457	0.140384	0.151669	-0.244812
80-1-CC-DS-86	80-1-CC-DS-86	4-MF10-4a	4-MF10-4a	8656	0.233595	0.0168669	0.252148
80-1-CC-DS-86	80-1-CC-DS-86	42-MF10-10b	42-MF10-10b	13661	0.255325	0.0155918	0.27589
80-1-CC-DS-86	80-1-CC-DS-86	48-CC10-6b	48-CC10-6b	1620	0.148148	0.167284	-0.322368
80-1-CC-DS-86	80-1-CC-DS-86	49-CC40-1b	49-CC40-1b	9447	0.133799	0.163862	-0.299395
80-1-CC-DS-86	80-1-CC-DS-86	63-MF-SS-60	63-MF-SS-60	12042	0.242983	0.0186846	0.25059
80-1-CC-DS-86	80-1-CC-DS-86	66-MF-DS-52	66-MF-DS-52	837	0.107527	0.173238	-0.375933
80-1-CC-DS-86	80-1-CC-DS-86	73-CC-SS-38	73-CC-SS-38	2525	0.123168	0.22495	-0.523399
80-1-CC-DS-86	80-1-CC-DS-86	75-CC-DD-84	75-CC-DD-84	12581	0.15897	0.121215	-0.113884
80-1-CC-DS-86	80-1-CC-DS-86	78-MF-DS-54	78-MF-DS-54	70	0.142857	0.171429	-0.4875
81-CC-DS-87	81-CC-DS-87	100-CC-SD-73	100-CC-SD-73	459	0.148148	0.087146	-0.0605096
81-CC-DS-87	81-CC-DS-87	108-CC-DD-94	108-CC-DD-94	1661	0.159542	0.089705	-0.0447635
81-CC-DS-87	81-CC-DS-87	114-MF-SD-45	114-MF-SD-45	1864	0.15397	0.142167	-0.183237
81-CC-DS-87	81-CC-DS-87	117-MF-SD-44	117-MF-SD-44	1639	0.162904	0.151922	-0.213799
81-CC-DS-87	81-CC-DS-87	123-CC-DD-81	123-CC-DD-81	2044	0.148728	0.141389	-0.224003
81-CC-DS-87	81-CC-DS-87	23-MF10-1a	23-MF10-1a	2031	0.152634	0.129493	-0.151726
81-CC-DS-87	81-CC-DS-87	25-CC40-2b	25-CC40-2b	2074	0.150916	0.140791	-0.214534
81-CC-DS-87	81-CC-DS-87	27-MF40-2b	27-MF40-2b	1978	0.156218	0.0788675	-0.0296921
81-CC-DS-87	81-CC-DS-87	28-CC10-9b	28-CC10-9b	1963	0.126847	0.129903	-0.282353
81-CC-DS-87	81-CC-DS-87	31-MF40-5b	31-MF40-5b	1691	0.148433	0.105855	-0.126742
81-CC-DS-87	81-CC-DS-87	32-CC10-1b	32-CC10-1b	1159	0.163934	0.100949	-0.057971
81-CC-DS-87	81-CC-DS-87	35-MF40-1b	35-MF40-1b	2083	0.177628	0.110898	-0.0888116
81-CC-DS-87	81-CC-DS-87	37-CC40-8b	37-CC40-8b	2058	0.137512	0.0869776	-0.0873188
81-CC-DS-87	81-CC-DS-87	4-MF10-4a	4-MF10-4a	1820	0.153297	0.148352	-0.217257
81-CC-DS-87	81-CC-DS-87	42-MF10-10b	42-MF10-10b	2061	0.151868	0.142164	-0.199461
81-CC-DS-87	81-CC-DS-87	48-CC10-6b	48-CC10-6b	836	0.149522	0.105263	-0.0918367
81-CC-DS-87	81-CC-DS-87	49-CC40-1b	49-CC40-1b	1981	0.162039	0.100454	-0.089153
81-CC-DS-87	81-CC-DS-87	63-MF-SS-60	63-MF-SS-60	1966	0.158698	0.15056	-0.215357
81-CC-DS-87	81-CC-DS-87	66-MF-DS-52	66-MF-DS-52	523	0.130019	0.108987	-0.139368
81-CC-DS-87	81-CC-DS-87	73-CC-SS-38	73-CC-SS-38	1105	0.122172	0.132127	-0.269286
81-CC-DS-87	81-CC-DS-87	75-CC-DD-84	75-CC-DD-84	2070	0.173913	0.0806763	0.00915404
81-CC-DS-87	81-CC-DS-87	78-MF-DS-54	78-MF-DS-54	74	0.162162	0.148649	-0.272727
81-CC-DS-87	81-CC-DS-87	80-1-CC-DS-86	80-1-CC-DS-86	2086	0.14861	0.143337	-0.223412
84-CC-DD-80	84-CC-DD-80	100-CC-SD-73	100-CC-SD-73	380	0.163158	0.0868421	-0.0284091
84-CC-DD-80	84-CC-DD-80	102-CC-DD-82	102-CC-DD-82	767	0.17601	0.0899609	-0.0105634
84-CC-DD-80	84-CC-DD-80	108-CC-DD-94	108-CC-DD-94	718	0.167131	0.0724234	0.00102041
84-CC-DD-80	84-CC-DD-80	114-MF-SD-45	114-MF-SD-45	749	0.142857	0.173565	-0.305871
84-CC-DD-80	84-CC-DD-80	117-MF-SD-44	117-MF-SD-44	666	0.157658	0.183183	-0.328947
84-CC-DD-80	84-CC-DD-80	123-CC-DD-81	123-CC-DD-81	780	0.147436	0.176923	-0.335551
84-CC-DD-80	84-CC-DD-80	23-MF10-1a	23-MF10-1a	788	0.14467	0.153553	-0.254562
84-CC-DD-80	84-CC-DD-80	25-CC40-2b	25-CC40-2b	799	0.150188	0.176471	-0.316364
84-CC-DD-80	84-CC-DD-80	27-MF40-2b	27-MF40-2b	788	0.162437	0.111675	-0.122624
84-CC-DD-80	84-CC-DD-80	28-CC10-9b	28-CC10-9b	755	0.145695	0.121854	-0.171206
84-CC-DD-80	84-CC-DD-80	31-MF40-5b	31-MF40-5b	669	0.161435	0.104634	-0.110987
84-CC-DD-80	84-CC-DD-80	32-CC10-1b	32-CC10-1b	561	0.163993	0.108734	-0.0968586
84-CC-DD-80	84-CC-DD-80	35-MF40-1b	35-MF40-1b	807	0.182156	0.138786	-0.157285
84-CC-DD-80	84-CC-DD-80	37-CC40-8b	37-CC40-8b	810	0.149383	0.0493827	0.0444444
84-CC-DD-80	84-CC-DD-80	4-MF10-4a	4-MF10-4a	740	0.162162	0.17973	-0.302124
84-CC-DD-80	84-CC-DD-80	42-MF10-10b	42-MF10-10b	782	0.143223	0.180307	-0.339219
84-CC-DD-80	84-CC-DD-80	48-CC10-6b	48-CC10-6b	437	0.160183	0.107551	-0.0784314
84-CC-DD-80	84-CC-DD-80	63-MF-SS-60	63-MF-SS-60	717	0.167364	0.178522	-0.307927
84-CC-DD-80	84-CC-DD-80	66-MF-DS-52	66-MF-DS-52	341	0.152493	0.11437	-0.131696
84-CC-DD-80	84-CC-DD-80	73-CC-SS-38	73-CC-SS-38	475	0.143158	0.143158	-0.21131
84-CC-DD-80	84-CC-DD-80	75-CC-DD-84	75-CC-DD-84	786	0.193384	0.0826972	0.0126689
84-CC-DD-80	84-CC-DD-80	78-MF-DS-54	78-MF-DS-54	72	0.111111	0.138889	-0.309524
84-CC-DD-80	84-CC-DD-80	80-1-CC-DS-86	80-1-CC-DS-86	789	0.153359	0.171103	-0.280357
84-CC-DD-80	84-CC-DD-80	81-CC-DS-87	81-CC-DS-87	542	0.171587	0.097786	-0.0376214
91-CC-DS-89	91-CC-DS-89	100-CC-SD-73	100-CC-SD-73	311	0.170418	0.096463	-0.0384615
91-CC-DS-89	91-CC-DS-89	102-CC-DD-82	102-CC-DD-82	439	0.150342	0.116173	-0.147727
91-CC-DS-89	91-CC-DS-89	108-CC-DD-94	108-CC-DD-94	448	0.147321	0.0758929	-0.0672414
91-CC-DS-89	91-CC-DS-89	114-MF-SD-45	114-MF-SD-45	455	0.153846	0.134066	-0.204839
91-CC-DS-89	91-CC-DS-89	117-MF-SD-44	117-MF-SD-44	459	0.169935	0.141612	-0.186728
91-CC-DS-89	91-CC-DS-89	123-CC-DD-81	123-CC-DD-81	463	0.166307	0.144708	-0.177746
91-CC-DS-89	91-CC-DS-89	23-MF10-1a	23-MF10-1a	458	0.170306	0.139738	-0.168675
91-CC-DS-89	91-CC-DS-89	25-CC40-2b	25-CC40-2b	463	0.168467	0.146868	-0.178161
91-CC-DS-89	91-CC-DS-89	27-MF40-2b	27-MF40-2b	454	0.145374	0.0770925	-0.0583333
91-CC-DS-89	91-CC-DS-89	28-CC10-9b	28-CC10-9b	463	0.131749	0.136069	-0.287931
91-CC-DS-89	91-CC-DS-89	31-MF40-5b	31-MF40-5b	415	0.139759	0.0843373	-0.105263
91-CC-DS-89	91-CC-DS-89	32-CC10-1b	32-CC10-1b	410	0.146341	0.114634	-0.201172
91-CC-DS-89	91-CC-DS-89	35-MF40-1b	35-MF40-1b	469	0.202559	0.110874	-0.040107
91-CC-DS-89	91-CC-DS-89	37-CC40-8b	37-CC40-8b	472	0.154661	0.0932203	-0.109272
91-CC-DS-89	91-CC-DS-89	4-MF10-4a	4-MF10-4a	440	0.163636	0.140909	-0.197712
91-CC-DS-89	91-CC-DS-89	42-MF10-10b	42-MF10-10b	466	0.145923	0.141631	-0.25974
91-CC-DS-89	91-CC-DS-89	48-CC10-6b	48-CC10-6b	396	0.161616	0.0959596	-0.0961538
91-CC-DS-89	91-CC-DS-89	49-CC40-1b	49-CC40-1b	443	0.1693	0.0767494	-0.00471698
91-CC-DS-89	91-CC-DS-89	63-MF-SS-60	63-MF-SS-60	451	0.175166	0.13969	-0.164634
91-CC-DS-89	91-CC-DS-89	66-MF-DS-52	66-MF-DS-52	325	0.169231	0.0923077	-0.0647321
91-CC-DS-89	91-CC-DS-89	73-CC-SS-38	73-CC-SS-38	413	0.121065	0.140436	-0.336
91-CC-DS-89	91-CC-DS-89	78-MF-DS-54	78-MF-DS-54	75	0.146667	0.12	-0.1875
91-CC-DS-89	91-CC-DS-89	80-1-CC-DS-86	80-1-CC-DS-86	465	0.169892	0.139785	-0.150838
91-CC-DS-89	91-CC-DS-89	81-CC-DS-87	81-CC-DS-87	402	0.156716	0.10199	-0.105634
91-CC-DS-89	91-CC-DS-89	84-CC-DD-80	84-CC-DD-80	275	0.181818	0.0581818	0.0763889
94-CC-SS-37	94-CC-SS-37	100-CC-SD-73	100-CC-SD-73	601	0.121464	0.106489	-0.228198
94-CC-SS-37	94-CC-SS-37	102-CC-DD-82	102-CC-DD-82	3317	0.13054	0.118179	-0.242958
94-CC-SS-37	94-CC-SS-37	108-CC-DD-94	108-CC-DD-94	2224	0.123651	0.132194	-0.277736
94-CC-SS-37	94-CC-SS-37	114-MF-SD-45	114-MF-SD-45	3312	0.124698	0.221316	-0.5667
94-CC-SS-37	94-CC-SS-37	117-MF-SD-44	117-MF-SD-44	3423	0.122115	0.22787	-0.5811
94-CC-SS-37	94-CC-SS-37	123-CC-DD-81	123-CC-DD-81	3846	0.116225	0.219449	-0.536454
94-CC-SS-37	94-CC-SS-37	23-MF10-1a	23-MF10-1a	4114	0.130287	0.204181	-0.493421
94-CC-SS-37	94-CC-SS-37	25-CC40-2b	25-CC40-2b	4183	0.11475	0.218743	-0.537214
94-CC-SS-37	94-CC-SS-37	27-MF40-2b	27-MF40-2b	3145	0.120191	0.118283	-0.230749
94-CC-SS-37	94-CC-SS-37	28-CC10-9b	28-CC10-9b	3974	0.140916	0.046301	0.0755861
94-CC-SS-37	94-CC-SS-37	31-MF40-5b	31-MF40-5b	3204	0.130462	0.107678	-0.188601
94-CC-SS-37	94-CC-SS-37	32-CC10-1b	32-CC10-1b	2342	0.137062	0.0982067	-0.124468
94-CC-SS-37	94-CC-SS-37	35-MF40-1b	35-MF40-1b	4067	0.135727	0.162282	-0.396312
94-CC-SS-37	94-CC-SS-37	37-CC40-8b	37-CC40-8b	3913	0.130335	0.133401	-0.257923
94-CC-SS-37	94-CC-SS-37	4-MF10-4a	4-MF10-4a	3739	0.119283	0.221984	-0.56441
94-CC-SS-37	94-CC-SS-37	42-MF10-10b	42-MF10-10b	4195	0.122527	0.215733	-0.528604
94-CC-SS-37	94-CC-SS-37	48-CC10-6b	48-CC10-6b	1454	0.122421	0.100413	-0.193155
94-CC-SS-37	94-CC-SS-37	49-CC40-1b	49-CC40-1b	3803	0.115435	0.135945	-0.271048
94-CC-SS-37	94-CC-SS-37	63-MF-SS-60	63-MF-SS-60	3918	0.121491	0.22537	-0.560606
94-CC-SS-37	94-CC-SS-37	66-MF-DS-52	66-MF-DS-52	817	0.122399	0.140759	-0.326754
94-CC-SS-37	94-CC-SS-37	73-CC-SS-38	73-CC-SS-38	2177	0.140101	0.0463941	0.0654671
94-CC-SS-37	94-CC-SS-37	75-CC-DD-84	75-CC-DD-84	4120	0.128398	0.13301	-0.263435
94-CC-SS-37	94-CC-SS-37	78-MF-DS-54	78-MF-DS-54	86	0.162791	0.162791	-0.268519
94-CC-SS-37	94-CC-SS-37	80-1-CC-DS-86	80-1-CC-DS-86	4162	0.114849	0.222009	-0.552896
94-CC-SS-37	94-CC-SS-37	81-CC-DS-87	81-CC-DS-87	1369	0.129291	0.1271	-0.26764
94-CC-SS-37	94-CC-SS-37	84-CC-DD-80	84-CC-DD-80	567	0.146384	0.151675	-0.334848
94-CC-SS-37	94-CC-SS-37	91-CC-DS-89	91-CC-DS-89	444	0.114865	0.123874	-0.300752
97-MF-SS-64	97-MF-SS-64	100-CC-SD-73	100-CC-SD-73	481	0.149688	0.0665281	0.0014881
97-MF-SS-64	97-MF-SS-64	102-CC-DD-82	102-CC-DD-82	645	0.153488	0.0790698	-0.0302326
97-MF-SS-64	97-MF-SS-64	108-CC-DD-94	108-CC-DD-94	668	0.149701	0.0808383	-0.0372807
97-MF-SS-64	97-MF-SS-64	117-MF-SD-44	117-MF-SD-44	761	0.120894	0.178712	-0.4
97-MF-SS-64	97-MF-SS-64	123-CC-DD-81	123-CC-DD-81	697	0.123386	0.166428	-0.343478
97-MF-SS-64	97-MF-SS-64	23-MF10-1a	23-MF10-1a	733	0.113233	0.171896	-0.412281
97-MF-SS-64	97-MF-SS-64	25-CC40-2b	25-CC40-2b	738	0.121951	0.170732	-0.378692
97-MF-SS-64	97-MF-SS-64	27-MF40-2b	27-MF40-2b	658	0.168693	0.0896657	-0.034292
97-MF-SS-64	97-MF-SS-64	28-CC10-9b	28-CC10-9b	721	0.12344	0.137309	-0.301163
97-MF-SS-64	97-MF-SS-64	31-MF40-5b	31-MF40-5b	679	0.16053	0.095729	-0.0833333
97-MF-SS-64	97-MF-SS-64	32-CC10-1b	32-CC10-1b	613	0.150082	0.0815661	-0.0673575
97-MF-SS-64	97-MF-SS-64	35-MF40-1b	35-MF40-1b	703	0.145092	0.123755	-0.146887
97-MF-SS-64	97-MF-SS-64	37-CC40-8b	37-CC40-8b	695	0.174101	0.0820144	-0.00414938
97-MF-SS-64	97-MF-SS-64	4-MF10-4a	4-MF10-4a	686	0.118076	0.174927	-0.426887
97-MF-SS-64	97-MF-SS-64	48-CC10-6b	48-CC10-6b	602	0.151163	0.0730897	-0.0194175
97-MF-SS-64	97-MF-SS-64	49-CC40-1b	49-CC40-1b	675	0.151111	0.0725926	-0.027907
97-MF-SS-64	97-MF-SS-64	63-MF-SS-60	63-MF-SS-60	737	0.118046	0.185889	-0.448913
97-MF-SS-64	97-MF-SS-64	66-MF-DS-52	66-MF-DS-52	464	0.137931	0.0775862	-0.0393082
97-MF-SS-64	97-MF-SS-64	73-CC-SS-38	73-CC-SS-38	626	0.13099	0.132588	-0.256545
97-MF-SS-64	97-MF-SS-64	75-CC-DD-84	75-CC-DD-84	728	0.164835	0.0892857	-0.0234962
97-MF-SS-64	97-MF-SS-64	78-MF-DS-54	78-MF-DS-54	84	0.178571	0.0952381	-0.03
97-MF-SS-64	97-MF-SS-64	80-1-CC-DS-86	80-1-CC-DS-86	736	0.127717	0.169837	-0.344898
97-MF-SS-64	97-MF-SS-64	81-CC-DS-87	81-CC-DS-87	411	0.145985	0.0656934	-0.0186567
97-MF-SS-64	97-MF-SS-64	84-CC-DD-80	84-CC-DD-80	288	0.180556	0.0763889	0.0333333
97-MF-SS-64	97-MF-SS-64	91-CC-DS-89	91-CC-DS-89	312	0.182692	0.0865385	-0.0176991
97-MF-SS-64	97-MF-SS-64	94-CC-SS-37	94-CC-SS-37	670	0.129851	0.126866	-0.277062
98-MF-SS-69	98-MF-SS-69	100-CC-SD-73	100-CC-SD-73	681	0.138032	0.165932	-0.356308
98-MF-SS-69	98-MF-SS-69	102-CC-DD-82	102-CC-DD-82	4826	0.151678	0.122047	-0.123353
98-MF-SS-69	98-MF-SS-69	108-CC-DD-94	108-CC-DD-94	2956	0.153586	0.141407	-0.18656
98-MF-SS-69	98-MF-SS-69	114-MF-SD-45	114-MF-SD-45	5855	0.258412	0.0121264	0.291649
98-MF-SS-69	98-MF-SS-69	123-CC-DD-81	123-CC-DD-81	7328	0.227211	0.0236081	0.215348
98-MF-SS-69	98-MF-SS-69	23-MF10-1a	23-MF10-1a	7682	0.398204	0	0.481236
98-MF-SS-69	98-MF-SS-69	25-CC40-2b	25-CC40-2b	7663	0.229545	0.022837	0.219957
98-MF-SS-69	98-MF-SS-69	27-MF40-2b	27-MF40-2b	5213	0.146173	0.145598	-0.23652
98-MF-SS-69	98-MF-SS-69	28-CC10-9b	28-CC10-9b	6770	0.132053	0.183604	-0.476466
98-MF-SS-69	98-MF-SS-69	31-MF40-5b	31-MF40-5b	4916	0.147884	0.139951	-0.189021
98-MF-SS-69	98-MF-SS-69	32-CC10-1b	32-CC10-1b	2555	0.135812	0.186693	-0.34563
98-MF-SS-69	98-MF-SS-69	35-MF40-1b	35-MF40-1b	7318	0.255534	0.0213173	0.241798
98-MF-SS-69	98-MF-SS-69	37-CC40-8b	37-CC40-8b	6601	0.151947	0.125587	-0.176119
98-MF-SS-69	98-MF-SS-69	4-MF10-4a	4-MF10-4a	6158	0.245859	0.0113673	0.279848
98-MF-SS-69	98-MF-SS-69	42-MF10-10b	42-MF10-10b	7652	0.263461	0.0124151	0.292291
98-MF-SS-69	98-MF-SS-69	48-CC10-6b	48-CC10-6b	1538	0.146294	0.142393	-0.225379
98-MF-SS-69	98-MF-SS-69	49-CC40-1b	49-CC40-1b	6205	0.156003	0.147945	-0.245156
98-MF-SS-69	98-MF-SS-69	63-MF-SS-60	63-MF-SS-60	7061	0.252514	0.0137374	0.276854
98-MF-SS-69	98-MF-SS-69	66-MF-DS-52	66-MF-DS-52	789	0.112801	0.162231	-0.33563
98-MF-SS-69	98-MF-SS-69	73-CC-SS-38	73-CC-SS-38	2249	0.1245	0.212539	-0.492036
98-MF-SS-69	98-MF-SS-69	75-CC-DD-84	75-CC-DD-84	7311	0.183559	0.111613	-0.0710187
98-MF-SS-69	98-MF-SS-69	78-MF-DS-54	78-MF-DS-54	80	0.125	0.175	-0.40625
98-MF-SS-69	98-MF-SS-69	80-1-CC-DS-86	80-1-CC-DS-86	7658	0.229694	0.0229825	0.220405
98-MF-SS-69	98-MF-SS-69	81-CC-DS-87	81-CC-DS-87	1857	0.145934	0.124933	-0.143377
98-MF-SS-69	98-MF-SS-69	84-CC-DD-80	84-CC-DD-80	721	0.142857	0.156727	-0.288776
98-MF-SS-69	98-MF-SS-69	91-CC-DS-89	91-CC-DS-89	464	0.172414	0.137931	-0.171779
98-MF-SS-69	98-MF-SS-69	94-CC-SS-37	94-CC-SS-37	3579	0.125733	0.197821	-0.491833
98-MF-SS-69	98-MF-SS-69	97-MF-SS-64	97-MF-SS-64	707	0.121641	0.154173	-0.326754
99-MF-SD-43	99-MF-SD-43	100-CC-SD-73	100-CC-SD-73	769	0.16515	0.189857	-0.353282
99-MF-SD-43	99-MF-SD-43	102-CC-DD-82	102-CC-DD-82	4233	0.152138	0.143397	-0.190026
99-MF-SD-43	99-MF-SD-43	108-CC-DD-94	108-CC-DD-94	2835	0.152734	0.148854	-0.210329
99-MF-SD-43	99-MF-SD-43	114-MF-SD-45	114-MF-SD-45	7784	0.332091	0.0020555	0.390272
99-MF-SD-43	99-MF-SD-43	117-MF-SD-44	117-MF-SD-44	8847	0.403188	1.13033e-4	0.478856
99-MF-SD-43	99-MF-SD-43	123-CC-DD-81	123-CC-DD-81	8991	0.243243	0.0181292	0.244108
99-MF-SD-43	99-MF-SD-43	23-MF10-1a	23-MF10-1a	9266	0.268077	0.0180229	0.273865
99-MF-SD-43	99-MF-SD-43	25-CC40-2b	25-CC40-2b	9513	0.245769	0.0178703	0.246561
99-MF-SD-43	99-MF-SD-43	27-MF40-2b	27-MF40-2b	5140	0.138911	0.157393	-0.293591
99-MF-SD-43	99-MF-SD-43	28-CC10-9b	28-CC10-9b	7602	0.133912	0.194423	-0.504125
99-MF-SD-43	99-MF-SD-43	31-MF40-5b	31-MF40-5b	4585	0.140022	0.154198	-0.233735
99-MF-SD-43	99-MF-SD-43	32-CC10-1b	32-CC10-1b	2442	0.136773	0.207207	-0.409228
99-MF-SD-43	99-MF-SD-43	35-MF40-1b	35-MF40-1b	8406	0.262075	0.0166548	0.248434
99-MF-SD-43	99-MF-SD-43	37-CC40-8b	37-CC40-8b	6901	0.152731	0.144907	-0.229054
99-MF-SD-43	99-MF-SD-43	42-MF10-10b	42-MF10-10b	9450	0.331111	0.00296296	0.386543
99-MF-SD-43	99-MF-SD-43	48-CC10-6b	48-CC10-6b	1445	0.143253	0.161938	-0.281187
99-MF-SD-43	99-MF-SD-43	49-CC40-1b	49-CC40-1b	6136	0.147653	0.159876	-0.279133
99-MF-SD-43	99-MF-SD-43	63-MF-SS-60	63-MF-SS-60	9105	0.403295	3.29489e-4	0.477784
99-MF-SD-43	99-MF-SD-43	66-MF-DS-52	66-MF-DS-52	780	0.126923	0.158974	-0.292636
99-MF-SD-43	99-MF-SD-43	73-CC-SS-38	73-CC-SS-38	2160	0.126389	0.216204	-0.47409
99-MF-SD-43	99-MF-SD-43	75-CC-DD-84	75-CC-DD-84	8488	0.17778	0.128181	-0.121522
99-MF-SD-43	99-MF-SD-43	78-MF-DS-54	78-MF-DS-54	87	0.149425	0.091954	-0.0666667
99-MF-SD-43	99-MF-SD-43	80-1-CC-DS-86	80-1-CC-DS-86	9431	0.24833	0.0181317	0.250472
99-MF-SD-43	99-MF-SD-43	81-CC-DS-87	81-CC-DS-87	1677	0.159213	0.147287	-0.207012
99-MF-SD-43	99-MF-SD-43	84-CC-DD-80	84-CC-DD-80	714	0.170868	0.180672	-0.281128
99-MF-SD-43	99-MF-SD-43	91-CC-DS-89	91-CC-DS-89	440	0.172727	0.147727	-0.188679
99-MF-SD-43	99-MF-SD-43	94-CC-SS-37	94-CC-SS-37	3186	0.126805	0.228186	-0.579673
99-MF-SD-43	99-MF-SD-43	97-MF-SS-64	97-MF-SS-64	750	0.126667	0.169333	-0.33631
99-MF-SD-43	99-MF-SD-43	98-MF-SS-69	98-MF-SS-69	5676	0.248414	0.0151515	0.270722
