ID,Description,GeneRatio,BgRatio,RichFactor,FoldEnrichment,zScore,pvalue,p.adjust,qvalue,geneID,Count
GO:0006952,defense response,3/46,113/26731,0.02654867256637168,15.427664486340902,6.381052787051951,9.78093120398962e-4,0.16280454437662137,0.12240943186212135,Pastreoides62514/Pastreoides22374/Pastreoides02977,3
GO:0043932,ossification involved in bone remodeling,2/46,71/26731,0.028169014084507043,16.369259032455606,5.383898003447978,0.006675778764789776,0.16280454437662137,0.12240943186212135,Pastreoides42952/Pastreoides52243,2
GO:0090177,establishment of planar polarity involved in neural tube closure,2/46,71/26731,0.028169014084507043,16.369259032455606,5.383898003447978,0.006675778764789776,0.16280454437662137,0.12240943186212135,Pastreoides42952/Pastreoides52243,2
GO:0060071,"Wnt signaling pathway, planar cell polarity pathway",2/46,90/26731,0.022222222222222223,12.91352657004831,4.700360011554486,0.010538918855560275,0.16280454437662137,0.12240943186212135,Pastreoides42952/Pastreoides52243,2
GO:0090103,cochlea morphogenesis,2/46,93/26731,0.021505376344086023,12.496961196820944,4.611248470865349,0.011220646758591647,0.16280454437662137,0.12240943186212135,Pastreoides42952/Pastreoides52243,2
GO:0033690,positive regulation of osteoblast proliferation,2/46,95/26731,0.021052631578947368,12.233867276887873,4.554087595202795,0.011685695281221594,0.16280454437662137,0.12240943186212135,Pastreoides42952/Pastreoides52243,2
GO:0035091,phosphatidylinositol binding,2/46,97/26731,0.020618556701030927,11.981622590766472,4.4986165345801545,0.012159123413920218,0.16280454437662137,0.12240943186212135,Pastreoides04839/Pastreoides04835,2
GO:0060122,inner ear receptor cell stereocilium organization,2/46,106/26731,0.018867924528301886,10.964315012305168,4.267763697977259,0.014391632293167972,0.16280454437662137,0.12240943186212135,Pastreoides42952/Pastreoides52243,2
GO:0017147,Wnt-protein binding,2/46,116/26731,0.017241379310344827,10.01911544227886,4.041796996435539,0.017063176427829084,0.16280454437662137,0.12240943186212135,Pastreoides42952/Pastreoides52243,2
GO:0032281,AMPA glutamate receptor complex,1/46,10/26731,0.1,58.1108695652174,7.499584639294327,0.01707868789430722,0.16280454437662137,0.12240943186212135,Pastreoides04408,1
GO:0005109,frizzled binding,2/46,118/26731,0.01694915254237288,9.849299926308031,3.9998876514360013,0.01762099420132582,0.16280454437662137,0.12240943186212135,Pastreoides42952/Pastreoides52243,2
GO:0002162,dystroglycan binding,1/46,11/26731,0.09090909090909091,52.82806324110672,7.138186446352302,0.018770779521000258,0.16280454437662137,0.12240943186212135,Pastreoides20069,1
GO:0018022,peptidyl-lysine methylation,1/46,11/26731,0.09090909090909091,52.82806324110672,7.138186446352302,0.018770779521000258,0.16280454437662137,0.12240943186212135,Pastreoides20402,1
GO:0044647,host-symbiont bicellular tight junction,1/46,11/26731,0.09090909090909091,52.82806324110672,7.138186446352302,0.018770779521000258,0.16280454437662137,0.12240943186212135,Pastreoides36126,1
GO:1990225,rhoptry neck,1/46,11/26731,0.09090909090909091,52.82806324110672,7.138186446352302,0.018770779521000258,0.16280454437662137,0.12240943186212135,Pastreoides36126,1
GO:0031091,platelet alpha granule,1/46,12/26731,0.08333333333333333,48.42572463768115,6.82243316834966,0.02046002144248349,0.16280454437662137,0.12240943186212135,Pastreoides56738,1
GO:0065010,extracellular membrane-bounded organelle,1/46,12/26731,0.08333333333333333,48.42572463768115,6.82243316834966,0.02046002144248349,0.16280454437662137,0.12240943186212135,Pastreoides03791,1
GO:0002051,osteoblast fate commitment,1/46,13/26731,0.07692307692307693,44.700668896321076,6.543386588424885,0.02214641835156117,0.16280454437662137,0.12240943186212135,Pastreoides04835,1
GO:0004571,"mannosyl-oligosaccharide 1,2-alpha-mannosidase activity",1/46,13/26731,0.07692307692307693,44.700668896321076,6.543386588424885,0.02214641835156117,0.16280454437662137,0.12240943186212135,Pastreoides32729,1
GO:0019864,IgG binding,1/46,13/26731,0.07692307692307693,44.700668896321076,6.543386588424885,0.02214641835156117,0.16280454437662137,0.12240943186212135,Pastreoides52270,1
GO:0002102,podosome,1/46,14/26731,0.07142857142857142,41.50776397515528,6.294384011633947,0.023829974933484377,0.16280454437662137,0.12240943186212135,Pastreoides04835,1
GO:0015012,heparan sulfate proteoglycan biosynthetic process,1/46,14/26731,0.07142857142857142,41.50776397515528,6.294384011633947,0.023829974933484377,0.16280454437662137,0.12240943186212135,Pastreoides00276,1
GO:0046789,host cell surface receptor binding,1/46,16/26731,0.0625,36.31929347826087,5.8673122470928245,0.027188585819182043,0.16280454437662137,0.12240943186212135,Pastreoides36126,1
GO:0060992,response to fungicide,1/46,16/26731,0.0625,36.31929347826087,5.8673122470928245,0.027188585819182043,0.16280454437662137,0.12240943186212135,Pastreoides04408,1
GO:0009277,fungal-type cell wall,1/46,17/26731,0.058823529411764705,34.18286445012788,5.682162694554094,0.02886364945580233,0.16280454437662137,0.12240943186212135,Pastreoides09903,1
GO:0015020,glucuronosyltransferase activity,1/46,17/26731,0.058823529411764705,34.18286445012788,5.682162694554094,0.02886364945580233,0.16280454437662137,0.12240943186212135,Pastreoides20069,1
GO:0034058,endosomal vesicle fusion,1/46,17/26731,0.058823529411764705,34.18286445012788,5.682162694554094,0.02886364945580233,0.16280454437662137,0.12240943186212135,Pastreoides48896,1
GO:1990266,neutrophil migration,1/46,17/26731,0.058823529411764705,34.18286445012788,5.682162694554094,0.02886364945580233,0.16280454437662137,0.12240943186212135,Pastreoides52270,1
GO:0001775,cell activation,1/46,18/26731,0.05555555555555555,32.28381642512077,5.512383713231264,0.03053589143098534,0.16280454437662137,0.12240943186212135,Pastreoides02977,1
GO:0035235,ionotropic glutamate receptor signaling pathway,1/46,18/26731,0.05555555555555555,32.28381642512077,5.512383713231264,0.03053589143098534,0.16280454437662137,0.12240943186212135,Pastreoides04408,1
GO:0035269,protein O-linked mannosylation,1/46,18/26731,0.05555555555555555,32.28381642512077,5.512383713231264,0.03053589143098534,0.16280454437662137,0.12240943186212135,Pastreoides20069,1
GO:0009607,response to biotic stimulus,1/46,19/26731,0.05263157894736842,30.584668192219677,5.355932461423992,0.03220531639239621,0.16280454437662137,0.12240943186212135,Pastreoides22374,1
GO:0016462,pyrophosphatase activity,1/46,19/26731,0.05263157894736842,30.584668192219677,5.355932461423992,0.03220531639239621,0.16280454437662137,0.12240943186212135,Pastreoides03791,1
GO:0030042,actin filament depolymerization,1/46,19/26731,0.05263157894736842,30.584668192219677,5.355932461423992,0.03220531639239621,0.16280454437662137,0.12240943186212135,Pastreoides62514,1
GO:0042157,lipoprotein metabolic process,1/46,19/26731,0.05263157894736842,30.584668192219677,5.355932461423992,0.03220531639239621,0.16280454437662137,0.12240943186212135,Pastreoides51323,1
GO:0010314,phosphatidylinositol-5-phosphate binding,1/46,21/26731,0.047619047619047616,27.67184265010352,5.076571594523352,0.03553573382717112,0.16280454437662137,0.12240943186212135,Pastreoides04835,1
GO:0022617,extracellular matrix disassembly,1/46,21/26731,0.047619047619047616,27.67184265010352,5.076571594523352,0.03553573382717112,0.16280454437662137,0.12240943186212135,Pastreoides04835,1
GO:0032496,response to lipopolysaccharide,2/46,174/26731,0.011494252873563218,6.679410294852573,3.1205644263676127,0.03616471269441523,0.16280454437662137,0.12240943186212135,Pastreoides52270/Pastreoides03791,2
GO:0034392,negative regulation of smooth muscle cell apoptotic process,1/46,22/26731,0.045454545454545456,26.41403162055336,4.951090718526172,0.03719673555850622,0.16280454437662137,0.12240943186212135,Pastreoides04408,1
GO:0006954,inflammatory response,2/46,181/26731,0.011049723756906077,6.421090559692529,3.0383547437818104,0.038848020351531634,0.16280454437662137,0.12240943186212135,Pastreoides51323/Pastreoides52270,2
GO:0007159,leukocyte cell-cell adhesion,1/46,23/26731,0.043478260869565216,25.265595463137995,4.833692055870575,0.0388549387920345,0.16280454437662137,0.12240943186212135,Pastreoides52270,1
GO:0007599,hemostasis,1/46,23/26731,0.043478260869565216,25.265595463137995,4.833692055870575,0.0388549387920345,0.16280454437662137,0.12240943186212135,Pastreoides56738,1
GO:0019226,transmission of nerve impulse,1/46,23/26731,0.043478260869565216,25.265595463137995,4.833692055870575,0.0388549387920345,0.16280454437662137,0.12240943186212135,Pastreoides47468,1
GO:0045669,positive regulation of osteoblast differentiation,2/46,184/26731,0.010869565217391304,6.316398865784499,3.004439996810815,0.04002076099273001,0.16280454437662137,0.12240943186212135,Pastreoides42952/Pastreoides52243,2
GO:0002251,organ or tissue specific immune response,1/46,24/26731,0.041666666666666664,24.212862318840575,4.723528660190164,0.04051034813813181,0.16280454437662137,0.12240943186212135,Pastreoides52270,1
GO:0035809,regulation of urine volume,1/46,24/26731,0.041666666666666664,24.212862318840575,4.723528660190164,0.04051034813813181,0.16280454437662137,0.12240943186212135,Pastreoides52270,1
GO:0046720,citric acid secretion,1/46,24/26731,0.041666666666666664,24.212862318840575,4.723528660190164,0.04051034813813181,0.16280454437662137,0.12240943186212135,Pastreoides52270,1
GO:0072051,juxtaglomerular apparatus development,1/46,24/26731,0.041666666666666664,24.212862318840575,4.723528660190164,0.04051034813813181,0.16280454437662137,0.12240943186212135,Pastreoides52270,1
GO:0072221,metanephric distal convoluted tubule development,1/46,24/26731,0.041666666666666664,24.212862318840575,4.723528660190164,0.04051034813813181,0.16280454437662137,0.12240943186212135,Pastreoides52270,1
GO:0072233,metanephric thick ascending limb development,1/46,24/26731,0.041666666666666664,24.212862318840575,4.723528660190164,0.04051034813813181,0.16280454437662137,0.12240943186212135,Pastreoides52270,1
GO:0097709,connective tissue replacement,1/46,24/26731,0.041666666666666664,24.212862318840575,4.723528660190164,0.04051034813813181,0.16280454437662137,0.12240943186212135,Pastreoides52270,1
GO:1904262,negative regulation of TORC1 signaling,1/46,24/26731,0.041666666666666664,24.212862318840575,4.723528660190164,0.04051034813813181,0.16280454437662137,0.12240943186212135,Pastreoides05589,1
GO:0060073,micturition,1/46,25/26731,0.04,23.24434782608696,4.619873149007966,0.042162968199750184,0.16280454437662137,0.12240943186212135,Pastreoides52270,1
GO:0004970,glutamate-gated receptor activity,1/46,26/26731,0.038461538461538464,22.350334448160538,4.52209682504336,0.043812803572431114,0.16280454437662137,0.12240943186212135,Pastreoides04408,1
GO:0032934,sterol binding,1/46,26/26731,0.038461538461538464,22.350334448160538,4.52209682504336,0.043812803572431114,0.16280454437662137,0.12240943186212135,Pastreoides09903,1
GO:0044861,protein transport into plasma membrane raft,1/46,26/26731,0.038461538461538464,22.350334448160538,4.52209682504336,0.043812803572431114,0.16280454437662137,0.12240943186212135,Pastreoides52270,1
GO:0072665,protein localization to vacuole,1/46,26/26731,0.038461538461538464,22.350334448160538,4.52209682504336,0.043812803572431114,0.16280454437662137,0.12240943186212135,Pastreoides52270,1
GO:0097744,renal urate salt excretion,1/46,26/26731,0.038461538461538464,22.350334448160538,4.52209682504336,0.043812803572431114,0.16280454437662137,0.12240943186212135,Pastreoides52270,1
GO:0031012,extracellular matrix,3/46,476/26731,0.0063025210084033615,3.662449762513701,2.433457011466836,0.04848495739005072,0.16280454437662137,0.12240943186212135,Pastreoides42952/Pastreoides52243/Pastreoides03791,3
GO:0003091,renal water homeostasis,1/46,29/26731,0.034482758620689655,20.03823088455772,4.258910211956425,0.048745647401330694,0.16280454437662137,0.12240943186212135,Pastreoides52270,1
GO:0009914,hormone transport,1/46,29/26731,0.034482758620689655,20.03823088455772,4.258910211956425,0.048745647401330694,0.16280454437662137,0.12240943186212135,Pastreoides16312,1
GO:0015908,fatty acid transport,1/46,29/26731,0.034482758620689655,20.03823088455772,4.258910211956425,0.048745647401330694,0.16280454437662137,0.12240943186212135,Pastreoides09903,1
GO:0072218,metanephric ascending thin limb development,1/46,29/26731,0.034482758620689655,20.03823088455772,4.258910211956425,0.048745647401330694,0.16280454437662137,0.12240943186212135,Pastreoides52270,1
GO:0006996,organelle organization,2/46,207/26731,0.00966183574879227,5.614576769586221,2.767211349302869,0.04944551351649188,0.16280454437662137,0.12240943186212135,Pastreoides20402/Pastreoides47468,2
GO:0015291,secondary active transmembrane transporter activity,1/46,30/26731,0.03333333333333333,19.370289855072464,4.179820816051914,0.05038438982585103,0.16280454437662137,0.12240943186212135,Pastreoides16312,1
GO:0070294,renal sodium ion absorption,1/46,30/26731,0.03333333333333333,19.370289855072464,4.179820816051914,0.05038438982585103,0.16280454437662137,0.12240943186212135,Pastreoides52270,1
GO:0015918,sterol transport,1/46,31/26731,0.03225806451612903,18.745441795231415,4.104467526732972,0.052020370428375595,0.16280454437662137,0.12240943186212135,Pastreoides09903,1
GO:0030644,intracellular chloride ion homeostasis,1/46,32/26731,0.03125,18.159646739130434,4.032558032560919,0.05365359376022183,0.16280454437662137,0.12240943186212135,Pastreoides52270,1
GO:0072044,collecting duct development,1/46,32/26731,0.03125,18.159646739130434,4.032558032560919,0.05365359376022183,0.16280454437662137,0.12240943186212135,Pastreoides52270,1
GO:0072657,protein localization to membrane,1/46,32/26731,0.03125,18.159646739130434,4.032558032560919,0.05365359376022183,0.16280454437662137,0.12240943186212135,Pastreoides04835,1
GO:1904888,cranial skeletal system development,1/46,32/26731,0.03125,18.159646739130434,4.032558032560919,0.05365359376022183,0.16280454437662137,0.12240943186212135,Pastreoides04835,1
GO:0050789,regulation of biological process,2/46,220/26731,0.00909090909090909,5.2828063241106715,2.6483264162145086,0.055094242240870436,0.16280454437662137,0.12240943186212135,Pastreoides45658/Pastreoides20402,2
GO:0006801,superoxide metabolic process,1/46,33/26731,0.030303030303030304,17.60935441370224,3.963831179323369,0.055284064365376806,0.16280454437662137,0.12240943186212135,Pastreoides04835,1
GO:0070273,phosphatidylinositol-4-phosphate binding,1/46,33/26731,0.030303030303030304,17.60935441370224,3.963831179323369,0.055284064365376806,0.16280454437662137,0.12240943186212135,Pastreoides04835,1
GO:0001958,endochondral ossification,1/46,34/26731,0.029411764705882353,17.09143222506394,3.8980528213621772,0.05691178678050879,0.16280454437662137,0.12240943186212135,Pastreoides03791,1
GO:0005319,lipid transporter activity,1/46,35/26731,0.02857142857142857,16.60310559006211,3.8350123290284714,0.058536765534978885,0.16280454437662137,0.12240943186212135,Pastreoides51323,1
GO:0016540,protein autoprocessing,1/46,35/26731,0.02857142857142857,16.60310559006211,3.8350123290284714,0.058536765534978885,0.16280454437662137,0.12240943186212135,Pastreoides64005,1
GO:0042403,thyroid hormone metabolic process,1/46,35/26731,0.02857142857142857,16.60310559006211,3.8350123290284714,0.058536765534978885,0.16280454437662137,0.12240943186212135,Pastreoides16312,1
GO:0055075,potassium ion homeostasis,1/46,35/26731,0.02857142857142857,16.60310559006211,3.8350123290284714,0.058536765534978885,0.16280454437662137,0.12240943186212135,Pastreoides52270,1
GO:0080025,"phosphatidylinositol-3,5-bisphosphate binding",1/46,35/26731,0.02857142857142857,16.60310559006211,3.8350123290284714,0.058536765534978885,0.16280454437662137,0.12240943186212135,Pastreoides04835,1
GO:0003094,glomerular filtration,1/46,36/26731,0.027777777777777776,16.141908212560384,3.77451963301961,0.060159005150853484,0.16280454437662137,0.12240943186212135,Pastreoides52270,1
GO:0040012,regulation of locomotion,1/46,36/26731,0.027777777777777776,16.141908212560384,3.77451963301961,0.060159005150853484,0.16280454437662137,0.12240943186212135,Pastreoides00276,1
GO:0007585,respiratory gaseous exchange by respiratory system,1/46,37/26731,0.02702702702702703,15.705640423031728,3.7164027106833712,0.061778510142914356,0.16280454437662137,0.12240943186212135,Pastreoides32729,1
GO:0030643,intracellular phosphate ion homeostasis,1/46,37/26731,0.02702702702702703,15.705640423031728,3.7164027106833712,0.061778510142914356,0.16280454437662137,0.12240943186212135,Pastreoides52270,1
GO:0048286,lung alveolus development,1/46,37/26731,0.02702702702702703,15.705640423031728,3.7164027106833712,0.061778510142914356,0.16280454437662137,0.12240943186212135,Pastreoides32729,1
GO:0051968,"positive regulation of synaptic transmission, glutamatergic",1/46,38/26731,0.02631578947368421,15.292334096109839,3.660505438227201,0.06339528501867009,0.1629487375948236,0.12251784781565682,Pastreoides04408,1
GO:0034198,cellular response to amino acid starvation,1/46,39/26731,0.02564102564102564,14.900222965440355,3.6066857474878375,0.06500933427836897,0.1629487375948236,0.12251784781565682,Pastreoides05589,1
GO:0033555,multicellular organismal response to stress,1/46,40/26731,0.025,14.52771739130435,3.5548140374875614,0.06662066241500897,0.1629487375948236,0.12251784781565682,Pastreoides52270,1
GO:0042149,cellular response to glucose starvation,1/46,40/26731,0.025,14.52771739130435,3.5548140374875614,0.06662066241500897,0.1629487375948236,0.12251784781565682,Pastreoides05589,1
GO:0006883,intracellular sodium ion homeostasis,1/46,41/26731,0.024390243902439025,14.17338282078473,3.5047718001608947,0.06822927391434974,0.1629487375948236,0.12251784781565682,Pastreoides52270,1
GO:0030282,bone mineralization,1/46,41/26731,0.024390243902439025,14.17338282078473,3.5047718001608947,0.06822927391434974,0.1629487375948236,0.12251784781565682,Pastreoides03791,1
GO:0034620,cellular response to unfolded protein,1/46,41/26731,0.024390243902439025,14.17338282078473,3.5047718001608947,0.06822927391434974,0.1629487375948236,0.12251784781565682,Pastreoides52270,1
GO:0006865,amino acid transport,1/46,42/26731,0.023809523809523808,13.83592132505176,3.4564504269292238,0.06983517325492439,0.1629487375948236,0.12251784781565682,Pastreoides16312,1
GO:0051223,regulation of protein transport,1/46,42/26731,0.023809523809523808,13.83592132505176,3.4564504269292238,0.06983517325492439,0.1629487375948236,0.12251784781565682,Pastreoides52270,1
GO:0099612,protein localization to axon,1/46,42/26731,0.023809523809523808,13.83592132505176,3.4564504269292238,0.06983517325492439,0.1629487375948236,0.12251784781565682,Pastreoides47468,1
GO:1904315,transmitter-gated monoatomic ion channel activity involved in regulation of postsynaptic membrane potential,1/46,42/26731,0.023809523809523808,13.83592132505176,3.4564504269292238,0.06983517325492439,0.1629487375948236,0.12251784781565682,Pastreoides04408,1
GO:0016477,cell migration,2/46,254/26731,0.007874015748031496,4.5756590208832595,2.377296546704279,0.07086249315100954,0.16364122129717665,0.1230385122535163,Pastreoides42952/Pastreoides52243,2
GO:0004867,serine-type endopeptidase inhibitor activity,1/46,44/26731,0.022727272727272728,13.20701581027668,3.364579226132056,0.07303885333784055,0.16694595048649266,0.1255232710424757,Pastreoides57507,1
GO:0042169,SH2 domain binding,1/46,46/26731,0.021739130434782608,12.632797731568997,3.278493150499732,0.07623173834791075,0.1707590938993201,0.12839029616490233,Pastreoides04835,1
GO:0046677,response to antibiotic,1/46,46/26731,0.021739130434782608,12.632797731568997,3.278493150499732,0.07623173834791075,0.1707590938993201,0.12839029616490233,Pastreoides03791,1
GO:0007157,heterophilic cell-cell adhesion via plasma membrane cell adhesion molecules,1/46,47/26731,0.02127659574468085,12.364014801110082,3.237427454228987,0.07782414382049829,0.1710452452248306,0.12860544753746664,Pastreoides52270,1
GO:0005102,signaling receptor binding,2/46,271/26731,0.007380073800738007,4.288625060163645,2.2591698270001115,0.07923764756442164,0.1710452452248306,0.12860544753746664,Pastreoides11637/Pastreoides02977,2
GO:0009719,response to endogenous stimulus,1/46,48/26731,0.020833333333333332,12.106431159420287,3.1975887796243336,0.07941386385438565,0.1710452452248306,0.12860544753746664,Pastreoides02977,1
GO:0044419,biological process involved in interspecies interaction between organisms,1/46,48/26731,0.020833333333333332,12.106431159420287,3.1975887796243336,0.07941386385438565,0.1710452452248306,0.12860544753746664,Pastreoides56738,1
GO:0021782,glial cell development,1/46,51/26731,0.0196078431372549,11.394288150042625,3.0848334340796657,0.08416695557079434,0.17779207465747482,0.13367825162216154,Pastreoides47468,1
GO:0045600,positive regulation of fat cell differentiation,1/46,51/26731,0.0196078431372549,11.394288150042625,3.0848334340796657,0.08416695557079434,0.17779207465747482,0.13367825162216154,Pastreoides04835,1
GO:0001654,eye development,1/46,53/26731,0.018867924528301886,10.964315012305168,3.0147655314166224,0.0873223371829398,0.17779207465747482,0.13367825162216154,Pastreoides04835,1
GO:0007029,endoplasmic reticulum organization,1/46,53/26731,0.018867924528301886,10.964315012305168,3.0147655314166224,0.0873223371829398,0.17779207465747482,0.13367825162216154,Pastreoides52270,1
GO:0051496,positive regulation of stress fiber assembly,1/46,53/26731,0.018867924528301886,10.964315012305168,3.0147655314166224,0.0873223371829398,0.17779207465747482,0.13367825162216154,Pastreoides04835,1
GO:0009414,response to water deprivation,1/46,54/26731,0.018518518518518517,10.761272141706923,2.98112096060646,0.08889603732873741,0.17779207465747482,0.13367825162216154,Pastreoides52270,1
GO:0040018,positive regulation of multicellular organism growth,1/46,54/26731,0.018518518518518517,10.761272141706923,2.98112096060646,0.08889603732873741,0.17779207465747482,0.13367825162216154,Pastreoides04835,1
GO:0120162,positive regulation of cold-induced thermogenesis,1/46,54/26731,0.018518518518518517,10.761272141706923,2.98112096060646,0.08889603732873741,0.17779207465747482,0.13367825162216154,Pastreoides03791,1
GO:0005793,endoplasmic reticulum-Golgi intermediate compartment,1/46,56/26731,0.017857142857142856,10.37694099378882,2.9164045977774284,0.09203547822784719,0.18024967138196304,0.1355260687082429,Pastreoides32729,1
GO:0010634,positive regulation of epithelial cell migration,1/46,57/26731,0.017543859649122806,10.194889397406559,2.885258011947564,0.09360122773118407,0.18024967138196304,0.1355260687082429,Pastreoides09903,1
GO:0033209,tumor necrosis factor-mediated signaling pathway,1/46,57/26731,0.017543859649122806,10.194889397406559,2.885258011947564,0.09360122773118407,0.18024967138196304,0.1355260687082429,Pastreoides52270,1
GO:0010556,regulation of macromolecule biosynthetic process,1/46,58/26731,0.017241379310344827,10.01911544227886,2.8548730558101267,0.09516433575864025,0.18024967138196304,0.1355260687082429,Pastreoides02977,1
GO:0097190,apoptotic signaling pathway,1/46,58/26731,0.017241379310344827,10.01911544227886,2.8548730558101267,0.09516433575864025,0.18024967138196304,0.1355260687082429,Pastreoides52270,1
GO:0003953,NAD+ nucleosidase activity,1/46,59/26731,0.01694915254237288,9.849299926308031,2.825217716463505,0.09672480666761551,0.18024967138196304,0.1355260687082429,Pastreoides02977,1
GO:0061077,chaperone-mediated protein folding,1/46,59/26731,0.01694915254237288,9.849299926308031,2.825217716463505,0.09672480666761551,0.18024967138196304,0.1355260687082429,Pastreoides52270,1
GO:0010718,positive regulation of epithelial to mesenchymal transition,1/46,60/26731,0.016666666666666666,9.685144927536232,2.79626184629617,0.09828264480848592,0.18024967138196304,0.1355260687082429,Pastreoides09903,1
GO:0031072,heat shock protein binding,1/46,60/26731,0.016666666666666666,9.685144927536232,2.79626184629617,0.09828264480848592,0.18024967138196304,0.1355260687082429,Pastreoides58629,1
GO:0015276,ligand-gated monoatomic ion channel activity,1/46,61/26731,0.01639344262295082,9.526372059871704,2.7679770252219047,0.09983785452461247,0.18024967138196304,0.1355260687082429,Pastreoides04408,1
GO:0005796,Golgi lumen,1/46,62/26731,0.016129032258064516,9.372720897615707,2.740336435163021,0.10139044015235421,0.18024967138196304,0.1355260687082429,Pastreoides52270,1
GO:0032266,phosphatidylinositol-3-phosphate binding,1/46,62/26731,0.016129032258064516,9.372720897615707,2.740336435163021,0.10139044015235421,0.18024967138196304,0.1355260687082429,Pastreoides04835,1
GO:0042589,zymogen granule membrane,1/46,62/26731,0.016129032258064516,9.372720897615707,2.740336435163021,0.10139044015235421,0.18024967138196304,0.1355260687082429,Pastreoides52270,1
GO:0045216,cell-cell junction organization,1/46,62/26731,0.016129032258064516,9.372720897615707,2.740336435163021,0.10139044015235421,0.18024967138196304,0.1355260687082429,Pastreoides47468,1
GO:0015747,urate transport,1/46,65/26731,0.015384615384615385,8.940133779264213,2.661033563225068,0.10603249576404683,0.18701794528461804,0.14061499645460004,Pastreoides52270,1
GO:0030414,peptidase inhibitor activity,1/46,66/26731,0.015151515151515152,8.80467720685112,2.6357299481709173,0.10757462826216613,0.18825559945879072,0.1415455635028502,Pastreoides57507,1
GO:0007169,cell surface receptor protein tyrosine kinase signaling pathway,1/46,69/26731,0.014492753623188406,8.421865154379331,2.562925808921312,0.11218542786040542,0.19480260341651792,0.14646812286956237,Pastreoides11637,1
GO:0042277,peptide binding,1/46,71/26731,0.014084507042253521,8.184629516227803,2.5167974868696072,0.11524633887168712,0.19857830697890705,0.14930699772850153,Pastreoides02977,1
GO:0007267,cell-cell signaling,1/46,74/26731,0.013513513513513514,7.852820211515864,2.4508930115379406,0.11981835771504767,0.20488024525321127,0.15404529718286566,Pastreoides64005,1
GO:0005758,mitochondrial intermembrane space,1/46,75/26731,0.013333333333333334,7.748115942028986,2.429743725262093,0.12133722163616056,0.20590558823106037,0.15481623175267695,Pastreoides03791,1
GO:0043195,terminal bouton,1/46,77/26731,0.012987012987012988,7.546866177300961,2.388594463168273,0.12436726138548637,0.20732920463645346,0.15588662002740863,Pastreoides04408,1
GO:0098590,plasma membrane region,2/46,355/26731,0.005633802816901409,3.2738518064911206,1.7906745372931367,0.12451523143563198,0.20732920463645346,0.15588662002740863,Pastreoides16312/Pastreoides47468,2
GO:0007612,learning,1/46,78/26731,0.01282051282051282,7.450111482720177,2.368570218500558,0.12587844567213247,0.20732920463645346,0.15588662002740863,Pastreoides47468,1
GO:0019898,extrinsic component of membrane,1/46,78/26731,0.01282051282051282,7.450111482720177,2.368570218500558,0.12587844567213247,0.20732920463645346,0.15588662002740863,Pastreoides52270,1
GO:0048705,skeletal system morphogenesis,1/46,80/26731,0.0125,7.263858695652175,2.3295658036829696,0.12889316416432672,0.21074502753875318,0.1584549079238746,Pastreoides04835,1
GO:0050905,neuromuscular process,1/46,82/26731,0.012195121951219513,7.086691410392365,2.2918835285902968,0.13189771059560607,0.2121552704676442,0.15951524095311595,Pastreoides47468,1
GO:0000139,Golgi membrane,2/46,370/26731,0.005405405405405406,3.1411280846063456,1.7218977603891852,0.13315846137313406,0.2121552704676442,0.15951524095311595,Pastreoides32729/Pastreoides09903,2
GO:0045860,positive regulation of protein kinase activity,1/46,83/26731,0.012048192771084338,7.001309586170771,2.273513613484278,0.13339617978066354,0.2121552704676442,0.15951524095311595,Pastreoides02977,1
GO:0006935,chemotaxis,1/46,84/26731,0.011904761904761904,6.91796066252588,2.2554455537860574,0.13489211852766492,0.2121552704676442,0.15951524095311595,Pastreoides20402,1
GO:0008146,sulfotransferase activity,1/46,84/26731,0.011904761904761904,6.91796066252588,2.2554455537860574,0.13489211852766492,0.2121552704676442,0.15951524095311595,Pastreoides00276,1
GO:0000977,RNA polymerase II transcription regulatory region sequence-specific DNA binding,1/46,85/26731,0.011764705882352941,6.836572890025576,2.2376706022997013,0.13638553101491413,0.2121552704676442,0.15951524095311595,Pastreoides07326,1
GO:0051384,response to glucocorticoid,1/46,85/26731,0.011764705882352941,6.836572890025576,2.2376706022997013,0.13638553101491413,0.2121552704676442,0.15951524095311595,Pastreoides03791,1
GO:0016324,apical plasma membrane,2/46,379/26731,0.005277044854881266,3.0665366525180677,1.6822894374579833,0.13841018912671016,0.2138198783750557,0.16076682584590654,Pastreoides52270/Pastreoides36126,2
GO:0003006,developmental process involved in reproduction,1/46,90/26731,0.011111111111111112,6.456763285024155,2.152910121670398,0.1438148453241308,0.2206474339219541,0.16590032625710835,Pastreoides03791,1
GO:0042552,myelination,1/46,93/26731,0.010752688172043012,6.248480598410472,2.105082179496171,0.14824238473814355,0.22589315769621873,0.16984447947084116,Pastreoides47468,1
GO:0008380,RNA splicing,1/46,95/26731,0.010526315789473684,6.116933638443936,2.0743492364607206,0.15118162602057295,0.22795363509002792,0.17139371059400596,Pastreoides52270,1
GO:0008217,regulation of blood pressure,1/46,96/26731,0.010416666666666666,6.053215579710144,2.0593107379649993,0.15264752349778654,0.22795363509002792,0.17139371059400596,Pastreoides52270,1
GO:0060348,bone development,1/46,96/26731,0.010416666666666666,6.053215579710144,2.0593107379649993,0.15264752349778654,0.22795363509002792,0.17139371059400596,Pastreoides04835,1
GO:0006869,lipid transport,1/46,97/26731,0.010309278350515464,5.990811295383236,2.0444835022156216,0.15411094433199313,0.2286149107971289,0.17189091037378113,Pastreoides51323,1
GO:0065009,regulation of molecular function,1/46,99/26731,0.010101010101010102,5.869784804567414,2.0154418303574624,0.15703037243067397,0.2314131804241511,0.17399487249936174,Pastreoides52243,1
GO:0048812,neuron projection morphogenesis,1/46,100/26731,0.01,5.81108695652174,2.0012173564751636,0.1584863878582875,0.23203235869448627,0.17446042007104232,Pastreoides47468,1
GO:0044304,main axon,1/46,103/26731,0.009708737864077669,5.641831996623047,1.9596727232266962,0.16283968849476416,0.23685772871965696,0.17808851783432855,Pastreoides47468,1
GO:0018107,peptidyl-threonine phosphorylation,1/46,107/26731,0.009345794392523364,5.430922389272653,1.9067518275282862,0.16860983417112085,0.24366840551181335,0.18320932745249127,Pastreoides52270,1
GO:0031966,mitochondrial membrane,1/46,109/26731,0.009174311926605505,5.331272437175908,1.881278978934346,0.17148029889251926,0.24622812148669432,0.18513392592984537,Pastreoides03791,1
GO:0006874,intracellular calcium ion homeostasis,1/46,110/26731,0.00909090909090909,5.2828063241106715,1.8687765973705952,0.1729118932975584,0.24670231909970114,0.18549046548849712,Pastreoides52270,1
GO:0050896,response to stimulus,2/46,441/26731,0.0045351473922902496,2.635413585724145,1.4377930981611977,0.1757083423146856,0.24910549796512388,0.1872973668910706,Pastreoides56738/Pastreoides47468,2
GO:0008234,cysteine-type peptidase activity,1/46,113/26731,0.008849557522123894,5.1425548287803,1.8321649398438515,0.17719217274750976,0.24962922449963637,0.18769114624032812,Pastreoides03351,1
GO:0016311,dephosphorylation,1/46,114/26731,0.008771929824561403,5.0974446987032795,1.8202488520353628,0.17861411128735571,0.250059755802298,0.18801485398669024,Pastreoides03791,1
GO:0005667,transcription regulator complex,1/46,122/26731,0.00819672131147541,4.763186029935852,1.7296814110377172,0.18990340867247024,0.2597094741886076,0.19527028134481778,Pastreoides07326,1
GO:0006914,autophagy,1/46,122/26731,0.00819672131147541,4.763186029935852,1.7296814110377172,0.18990340867247024,0.2597094741886076,0.19527028134481778,Pastreoides52270,1
GO:0021987,cerebral cortex development,1/46,122/26731,0.00819672131147541,4.763186029935852,1.7296814110377172,0.18990340867247024,0.2597094741886076,0.19527028134481778,Pastreoides47468,1
GO:0001755,neural crest cell migration,1/46,123/26731,0.008130081300813009,4.724460940261577,1.7189160054066082,0.19130385375500114,0.2597094741886076,0.19527028134481778,Pastreoides04835,1
GO:0043123,positive regulation of canonical NF-kappaB signal transduction,1/46,123/26731,0.008130081300813009,4.724460940261577,1.7189160054066082,0.19130385375500114,0.2597094741886076,0.19527028134481778,Pastreoides51323,1
GO:0008201,heparin binding,1/46,126/26731,0.007936507936507936,4.611973775017253,1.687302775911169,0.1954909938930105,0.2637950760965925,0.19834216247864098,Pastreoides36126,1
GO:0006486,protein glycosylation,1/46,131/26731,0.007633587786259542,4.435944241619648,1.6367627349352094,0.20242247800292057,0.27151278486619285,0.2041449510272127,Pastreoides32729,1
GO:0016791,phosphatase activity,1/46,141/26731,0.0070921985815602835,4.121338267036694,1.5428937368102975,0.21611062917835222,0.2865444066021907,0.21544692225728626,Pastreoides03791,1
GO:0008289,lipid binding,1/46,142/26731,0.007042253521126761,4.092314758113901,1.5339869145792224,0.21746673715344833,0.2865444066021907,0.21544692225728626,Pastreoides51323,1
GO:0050808,synapse organization,1/46,142/26731,0.007042253521126761,4.092314758113901,1.5339869145792224,0.21746673715344833,0.2865444066021907,0.21544692225728626,Pastreoides47468,1
GO:0000922,spindle pole,1/46,144/26731,0.006944444444444444,4.035477053140096,1.5164158811350241,0.22017207155158047,0.2867357210904304,0.21559076773716573,Pastreoides52270,1
GO:0050829,defense response to Gram-negative bacterium,1/46,144/26731,0.006944444444444444,4.035477053140096,1.5164158811350241,0.22017207155158047,0.2867357210904304,0.21559076773716573,Pastreoides52270,1
GO:0051607,defense response to virus,1/46,152/26731,0.006578947368421052,3.8230835240274597,1.4491755376748399,0.23090221015556567,0.2989669808073585,0.2247872036145553,Pastreoides58629,1
GO:0005765,lysosomal membrane,1/46,153/26731,0.006535947712418301,3.798096050014209,1.441092894769058,0.23223327973428742,0.2989669808073585,0.2247872036145553,Pastreoides05589,1
GO:0048583,regulation of response to stimulus,1/46,157/26731,0.006369426751592357,3.7013292716698976,1.4094305382440484,0.23753505859628743,0.3040448750032479,0.22860516917537438,Pastreoides47297,1
GO:0001819,positive regulation of cytokine production,1/46,161/26731,0.006211180124223602,3.609370780448285,1.3787888012440874,0.24280101677597865,0.3090194758967001,0.23234547059902264,Pastreoides02977,1
GO:0006955,immune response,1/46,163/26731,0.006134969325153374,3.565084022405975,1.363831629012459,0.2454206371305646,0.31058882891099704,0.23352543527142636,Pastreoides45658,1
GO:0043197,dendritic spine,1/46,165/26731,0.006060606060606061,3.5218708827404477,1.349107407827084,0.2480313909478824,0.3118992272025819,0.23451069714479847,Pastreoides04408,1
GO:0030659,cytoplasmic vesicle membrane,1/46,166/26731,0.006024096385542169,3.5006547930853853,1.341830528752899,0.24933345207926838,0.3118992272025819,0.23451069714479847,Pastreoides45658,1
GO:0038023,signaling receptor activity,1/46,167/26731,0.005988023952095809,3.479692788336371,1.3346093724623491,0.25063330757350333,0.3118992272025819,0.23451069714479847,Pastreoides04408,1
GO:0070374,positive regulation of ERK1 and ERK2 cascade,1/46,174/26731,0.005747126436781609,3.3397051474262867,1.2855561180119295,0.2596708443317399,0.32136060292988805,0.2416245134811189,Pastreoides09903,1
GO:0070887,cellular response to chemical stimulus,1/46,178/26731,0.0056179775280898875,3.2646555935515384,1.2586360288091858,0.2647871866044943,0.32589192197476224,0.24503152028177613,Pastreoides07326,1
GO:0004497,monooxygenase activity,1/46,180/26731,0.005555555555555556,3.2283816425120775,1.2454611210071929,0.2673323702550461,0.32722650785317114,0.24603496831065502,Pastreoides32181,1
GO:0045087,innate immune response,1/46,182/26731,0.005494505494505495,3.192904921165791,1.2324695666677945,0.2698689338005853,0.3285360933224517,0.24701961903943737,Pastreoides58629,1
GO:0043232,intracellular membraneless organelle,1/46,187/26731,0.0053475935828877,3.1075331318298067,1.2007616842697733,0.27617281682528405,0.33439303226412775,0.25142333252941934,Pastreoides59085,1
GO:1902533,positive regulation of intracellular signal transduction,1/46,189/26731,0.005291005291005291,3.0746491833448353,1.1883750925537806,0.2786794342147265,0.3356139422801008,0.2523413099850382,Pastreoides02977,1
GO:0048519,negative regulation of biological process,1/46,195/26731,0.005128205128205128,2.9800445930880715,1.1521773655918124,0.2861484446475846,0.3424172450817621,0.25745657524944515,Pastreoides02977,1
GO:0000981,"DNA-binding transcription factor activity, RNA polymerase II-specific",1/46,196/26731,0.00510204081632653,2.9648402839396626,1.146279524803074,0.28738590212219317,0.3424172450817621,0.25745657524944515,Pastreoides07326,1
GO:0031090,organelle membrane,1/46,201/26731,0.004975124378109453,2.8910880380705173,1.1173415344652142,0.2935417804420435,0.34790136941279226,0.26157997700209945,Pastreoides04408,1
GO:0031982,vesicle,1/46,209/26731,0.004784688995215311,2.7804243811108798,1.072848336679803,0.303283140390593,0.3552401212507186,0.2670978355268561,Pastreoides04408,1
GO:0005201,extracellular matrix structural constituent,1/46,210/26731,0.004761904761904762,2.767184265010352,1.0674347258113444,0.3044915325006159,0.3552401212507186,0.2670978355268561,Pastreoides47469,1
GO:1901363,heterocyclic compound binding,1/46,210/26731,0.004761904761904762,2.767184265010352,1.0674347258113444,0.3044915325006159,0.3552401212507186,0.2670978355268561,Pastreoides59085,1
GO:0098588,bounding membrane of organelle,1/46,215/26731,0.004651162790697674,2.7028311425682507,1.0408343120293853,0.3105028055773785,0.36037631320897817,0.2709596339917129,Pastreoides45658,1
GO:0015074,DNA integration,1/46,228/26731,0.0043859649122807015,2.5487223493516398,0.9750755406684009,0.3258952536877071,0.3762914269383834,0.2829258849160778,Pastreoides37509,1
GO:0005911,cell-cell junction,1/46,230/26731,0.004347826086956522,2.5265595463137998,0.9653645086046302,0.32823329029301773,0.37659783856498985,0.28315626959773676,Pastreoides47468,1
GO:0003700,DNA-binding transcription factor activity,1/46,232/26731,0.004310344827586207,2.504778860569715,0.9557553176789986,0.3305633934378286,0.37659783856498985,0.28315626959773676,Pastreoides07326,1
GO:0003779,actin binding,1/46,233/26731,0.004291845493562232,2.494028736704609,0.9509882592169137,0.3317254781920401,0.37659783856498985,0.28315626959773676,Pastreoides62514,1
GO:0006629,lipid metabolic process,1/46,234/26731,0.004273504273504274,2.4833704942400594,0.9462458845972783,0.33288558944583924,0.37659783856498985,0.28315626959773676,Pastreoides52270,1
GO:0015629,actin cytoskeleton,1/46,249/26731,0.004016064257028112,2.333769862056923,0.8779099564708346,0.35005265404344055,0.3940291181192497,0.2962624948265035,Pastreoides62514,1
GO:0065007,biological regulation,1/46,272/26731,0.003676470588235294,2.1364290281329925,0.7821406339120754,0.37553935074193834,0.42060407283097095,0.3162436637826849,Pastreoides57507,1
GO:0005975,carbohydrate metabolic process,1/46,277/26731,0.0036101083032490976,2.097865327264166,0.7625846708160208,0.3809491621715908,0.42454035983301663,0.3192032780699373,Pastreoides32729,1
GO:0016323,basolateral plasma membrane,1/46,281/26731,0.0035587188612099642,2.0680024756305118,0.7472352873977329,0.3852439767389879,0.42720124153234307,0.3212039410017617,Pastreoides52270,1
GO:0005216,monoatomic ion channel activity,1/46,289/26731,0.0034602076124567475,2.010756732360463,0.7172874054500464,0.3937463404968027,0.4344787205481961,0.3266757297354858,Pastreoides04408,1
GO:0062023,collagen-containing extracellular matrix,1/46,304/26731,0.003289473684210526,1.9115417620137298,0.6636425472780275,0.4093793209328703,0.4485805494775609,0.33727860862974507,Pastreoides11637,1
GO:0005929,cilium,1/46,309/26731,0.003236245954692557,1.8806106655410162,0.6464353958118867,0.41450214536369945,0.4485805494775609,0.33727860862974507,Pastreoides52270,1
GO:0042981,regulation of apoptotic process,1/46,309/26731,0.003236245954692557,1.8806106655410162,0.6464353958118867,0.41450214536369945,0.4485805494775609,0.33727860862974507,Pastreoides31037,1
GO:0048518,positive regulation of biological process,1/46,310/26731,0.0032258064516129032,1.8745441795231417,0.6430322679171598,0.41552148157266455,0.4485805494775609,0.33727860862974507,Pastreoides56738,1
GO:0071944,cell periphery,1/46,311/26731,0.003215434083601286,1.8685167062770867,0.639641681402042,0.4165390816577351,0.4485805494775609,0.33727860862974507,Pastreoides57507,1
GO:0043167,ion binding,1/46,313/26731,0.003194888178913738,1.8565773024031116,0.6328977544385797,0.4185690850168865,0.4486099284391511,0.3373006980745497,Pastreoides09903,1
GO:0008285,negative regulation of cell population proliferation,1/46,317/26731,0.0031545741324921135,1.8331504594705803,0.6195562952620457,0.4226083851529515,0.4507822774964816,0.3389340432304373,Pastreoides52270,1
GO:0009653,anatomical structure morphogenesis,1/46,324/26731,0.0030864197530864196,1.7935453569511541,0.5966635654142575,0.42961120465199154,0.45608014143149816,0.342917399572555,Pastreoides02977,1
GO:0043229,intracellular organelle,1/46,327/26731,0.0030581039755351682,1.777090812391969,0.5870236253744718,0.43258691517390513,0.45707296697620164,0.34366388494451255,Pastreoides62514,1
GO:0022857,transmembrane transporter activity,1/46,339/26731,0.0029498525073746312,1.7141849429267668,0.5494386156654694,0.4443386287085316,0.46712788332297317,0.3512239724232882,Pastreoides16312,1
GO:0045121,membrane raft,1/46,341/26731,0.002932551319648094,1.7041310722937653,0.5433201295435496,0.44627395996034047,0.46712788332297317,0.3512239724232882,Pastreoides52270,1
GO:0007507,heart development,1/46,349/26731,0.0028653295128939827,1.665067895851501,0.5192417813949862,0.4539495584138403,0.4729520980683732,0.355603081254416,Pastreoides04835,1
GO:0006357,regulation of transcription by RNA polymerase II,1/46,360/26731,0.002777777777777778,1.6141908212560387,0.4871201160639667,0.4643337877439955,0.4815313354382175,0.3620536356678328,Pastreoides07326,1
GO:0032501,multicellular organismal process,1/46,379/26731,0.002638522427440633,1.5332683262590339,0.4341136033098388,0.4818169873884084,0.49735947085255056,0.37395448936282,Pastreoides56738,1
GO:0031410,cytoplasmic vesicle,1/46,388/26731,0.002577319587628866,1.497702823845809,0.4100134876497849,0.48990244783481873,0.5033860014449514,0.3784857153721439,Pastreoides32729,1
GO:0007399,nervous system development,1/46,400/26731,0.0025,1.452771739130435,0.3788091164616147,0.5004913313438406,0.5119180740685858,0.3849008075703653,Pastreoides02977,1
GO:0098978,glutamatergic synapse,1/46,425/26731,0.002352941176470588,1.367314578005115,0.3169202674668878,0.5218655108209539,0.5313539746540621,0.3995142666571896,Pastreoides04408,1
GO:0005525,GTP binding,1/46,438/26731,0.00228310502283105,1.3267321818542783,0.28625540067520133,0.5326238003208686,0.539853987655541,0.4059052538763467,Pastreoides64005,1
GO:0006811,monoatomic ion transport,1/46,447/26731,0.0022371364653243847,1.300019453360568,0.2655842029036404,0.5399327499345882,0.5431627538558735,0.40839304801193504,Pastreoides04408,1
GO:0010628,positive regulation of gene expression,1/46,448/26731,0.002232142857142857,1.2971176242236024,0.2633144816404665,0.5407379201333027,0.5431627538558735,0.40839304801193504,Pastreoides04835,1
GO:0065008,regulation of biological quality,1/46,486/26731,0.00205761316872428,1.1956969046341028,0.18076884957100772,0.570333660546158,0.570333660546158,0.42882230116252484,Pastreoides04408,1
